Customer Id,Cost
fffe3400310033003300,409.18
fffe3600350035003400,682.41
fffe3700360030003500,232.32
fffe350038003600,250.19
fffe3500390032003500,378.98
fffe3900360034003300,457.84
fffe3200380034003700,298.33
fffe3900370035003200,1837.82
fffe3100380039003200,769.85
fffe3300330036003800,223.52
fffe3600370030003400,1765.07
fffe3500380034003200,221.99
fffe370035003600,148.6
fffe3100340039003800,371.3
fffe340030003700,74590.55
fffe330038003700,321.69
fffe3500300032003000,2171.32
fffe390038003700,598.85
fffe3600390033003600,305.85
fffe3300380036003100,1688.84
fffe3200330032003100,140.46
fffe3900300037003900,2169.28
fffe3100350030003700,294.2
fffe3700360035003100,2762.74
fffe350034003100,284.88
fffe3400380039003700,258.65
fffe3900320031003800,1681.77
fffe3300360034003600,921.83
fffe3500370037003500,182.69
fffe34003500,434.11
fffe3800370030003500,398.43
fffe3300340035003800,226.3
fffe3700380033003100,189.6
fffe3200370034003600,142.42
fffe3200370033003500,4266.27
fffe3100380039003700,277.44
fffe3100310035003300,5995.86
fffe3100320031003700,555.68
fffe3700390034003600,274.14
fffe3200380033003000,201.1
fffe3500320034003800,1122.23
fffe3900390034003300,404.97
fffe3900350033003200,367.43
fffe3300350033003900,549.88
fffe3600330030003800,858.75
fffe3600310032003000,155.52
fffe3700340036003800,273.72
fffe3800320037003500,215.99
fffe3200330037003000,188.09
fffe3100320035003500,170.55
fffe3300370033003000,438.23
fffe3900360030003300,414.03
fffe3400340034003000,290.6
fffe3800300035003300,22283.69
fffe3700340035003900,1262.31
fffe3600340034003900,216.07
fffe310030003500,221.21
fffe3700310035003200,351.45
fffe3100330033003900,229.52
fffe3800330030003700,187.62
fffe3900370033003100,289.38
fffe3500330036003400,208229.3
fffe3700350036003200,9504.32
fffe3500390037003700,178.88
fffe3200340034003300,34851.21
fffe3300350032003200,365.8
fffe360034003500,204.96
fffe3900390030003600,1382.77
fffe3400350034003000,4097.29
fffe3600360036003300,279.52
fffe3800350030003100,1528.51
fffe3400300030003000,390.44
fffe3200390037003600,530.17
fffe3600350039003500,4005.7
fffe3300350038003600,409.34
fffe3600350037003900,223.56
fffe3200360035003900,468.39
fffe3300360039003100,9967.01
fffe3400370030003300,860.58
fffe3400300031003600,326.51
fffe3900340034003000,329.95
fffe3700350038003900,752.59
fffe3300330032003800,303.44
fffe370039003600,314.69
fffe3400340036003300,201.22
fffe3900360034003400,319.05
fffe3900380037003700,2452.49
fffe3600360039003700,481.58
fffe3600340031003600,226.71
fffe3500370035003900,174.19
fffe3700330037003400,14106.2
fffe320037003400,676.51
fffe3500310034003800,1700.08
fffe3700390039003200,2306.34
fffe3900390038003600,545.86
fffe3700380033003500,242.83
fffe3700320036003800,13312.23
fffe3300360034003100,181815.85
fffe3700330038003400,729.85
fffe3800380033003400,301.43
fffe3200390030003300,390.79
fffe3900380035003200,582.17
fffe3600340031003100,217.12
fffe3200300036003200,1250.83
fffe370039003400,318.09
fffe3500390030003300,4399.35
fffe3700350030003700,495.09
fffe3100370035003500,359.29
fffe3900390038003100,276.24
fffe3300320031003900,1360.3
fffe3500300030003500,174.32
fffe3800380031003200,304.96
fffe3400390034003200,467.4
fffe3200370037003200,264.74
fffe370039003800,2366.44
fffe3900360035003200,1188.48
fffe3600370039003800,154.31
fffe310037003900,118723.47
fffe3700360039003200,533.14
fffe3700350035003200,217.58
fffe3300350035003000,356.13
fffe3400340034003900,573.31
fffe3700340038003600,330.35
fffe3200320033003500,424.8
fffe3600310035003800,215.34
fffe36003300,32119.99
fffe3500310038003000,129.94
fffe3600360036003500,454.69
fffe3400300039003500,1700.17
fffe3300370034003400,1539.43
fffe380037003400,308.58
fffe3500380036003000,7887.89
fffe3800360031003700,213.37
fffe370031003300,31424.49
fffe3500350032003700,18377.37
fffe3400370035003100,237.23
fffe3800310033003400,214.66
fffe3800350031003600,24120.37
fffe3700300032003200,179.8
fffe3400350036003400,2777.85
fffe3300390034003200,454.02
fffe3700330030003300,276.9
fffe3100350038003600,13555.55
fffe3900330030003100,322.74
fffe3400370033003200,11600.65
fffe3800350031003900,5482.27
fffe3600360034003400,269.19
fffe3300380033003000,2388.21
fffe3700330038003800,463.32
fffe3500340033003100,1545.13
fffe3600380030003900,25506.18
fffe380036003000,1891.09
fffe3800380034003300,167.98
fffe310034003100,222.07
fffe3500310036003700,50076.38
fffe3700300039003400,562.18
fffe3800320037003400,681.94
fffe3600310034003600,2517.21
fffe3200320034003700,306.62
fffe3700330034003400,340.92
fffe3100300032003200,509.68
fffe3400340038003100,537.47
fffe350030003200,483.17
fffe3200340038003900,8449.46
fffe340036003500,408.15
fffe3700310037003100,599.75
fffe3900360030003100,488.49
fffe3800310038003800,2027.89
fffe3500350039003900,849.84
fffe3100330039003800,215.62
fffe360034003400,263.96
fffe3300380030003500,270.26
fffe320036003600,203.92
fffe3900330038003700,308.73
fffe3400330031003500,4832.39
fffe3800320033003000,209.57
fffe3200380039003600,160.8
fffe3200340032003500,651.02
fffe3700370036003500,19265.37
fffe3200390030003500,907.17
fffe3300390036003200,23161.74
fffe3300380031003000,141.19
fffe380038003100,8504.54
fffe3900370034003200,188159.62
fffe3800340036003900,362.32
fffe330035003900,1827.79
fffe3300370031003900,211.4
fffe3300330034003700,1986.35
fffe3400350030003500,276.92
fffe3400340039003300,256.91
fffe3200310033003300,2458.8
fffe3200310037003600,497.76
fffe3600330039003400,186.55
fffe3900320030003400,1100.3
fffe3100310035003900,404.65
fffe3700340034003800,264.59
fffe3400350035003400,2801.56
fffe3600330033003700,105469.12
fffe3400350030003900,374.12
fffe3300310038003500,404.93
fffe3100350035003700,431.23
fffe3600300037003100,162.87
fffe3600300033003300,183.37
fffe3600390035003600,114.3
fffe3800300032003800,268.02
fffe320034003200,1028.32
fffe3700340031003000,453.89
fffe3100320031003100,616.08
fffe3600370035003300,231.18
fffe3500330039003500,2725.17
fffe3500380031003100,19354.63
fffe3900320035003900,767.02
fffe3600330036003100,559.1
fffe3200350033003600,43552.08
fffe3600310030003200,1611.74
fffe3200300037003000,459.05
fffe3500320034003300,275.28
fffe3800390031003200,4617.74
fffe3700370034003400,705.52
fffe3100310036003500,172.58
fffe3500320036003600,371.35
fffe3900390037003300,592.51
fffe3600300031003200,782.54
fffe3800330038003700,3037.18
fffe320037003100,232.95
fffe3400350032003000,261.02
fffe3800330033003700,4903.0
fffe3400360035003800,252.42
fffe3800340038003900,177.21
fffe3500390038003800,585.49
fffe3300310032003900,165.61
fffe3700370037003700,206.75
fffe3100310036003700,160.04
fffe3300390032003600,295.54
fffe3700370036003900,431.85
fffe3300350038003000,749.6
fffe310038003600,574.59
fffe3200300031003700,27067.91
fffe3800380031003300,218.84
fffe3900380038003400,4583.2
fffe3500310036003500,313.68
fffe3300300039003700,172.95
fffe3900320035003100,201.49
fffe3800380034003100,429.85
fffe3800300031003200,356.34
fffe3800300037003600,569.53
fffe3500380038003600,304.87
fffe3100310033003400,385.75
fffe370035003000,1215.46
fffe3700370030003200,3191.38
fffe3800340038003500,952.95
fffe3100320032003900,2659.21
fffe3600340034003700,569.52
fffe3300320039003300,1403.28
fffe350034003400,435.38
fffe3100340039003700,209.4
fffe330033003800,478.3
fffe3400350036003200,283.83
fffe3300380031003200,274.75
fffe3100360030003100,210.35
fffe3300370031003600,539.68
fffe3700300034003700,1127.99
fffe3900310031003600,769.51
fffe3500360037003100,180.25
fffe350039003400,346.5
fffe3600390038003200,1564.62
fffe3800360039003700,3877.79
fffe3600350033003300,260.96
fffe3900310031003500,655.96
fffe3500300035003600,471.39
fffe3800390031003300,56167.81
fffe3100350035003600,2301.25
fffe3800390036003400,275.52
fffe3500320033003600,279.94
fffe3600370036003700,1248.01
fffe3700380037003500,1297.83
fffe3600390032003500,1295.39
fffe3700340036003900,202.51
fffe3200390035003700,345.02
fffe3900370032003500,579.63
fffe3500300038003600,712.93
fffe3600330033003400,192961.99
fffe330037003100,2585.93
fffe3400390037003200,1526.17
fffe3800320036003400,89434.04
fffe3800380038003500,8265.96
fffe3200300039003800,3044.75
fffe3900320039003500,861.93
fffe3600340036003700,5515.31
fffe3600350037003800,1384.51
fffe3500300037003700,25377.02
fffe3100380032003600,8647.3
fffe380037003500,664.32
fffe3100360034003900,123.01
fffe3700310036003500,1501.48
fffe3400330035003200,527822.75
fffe3300330032003200,331.79
fffe3100300036003000,573.44
fffe3100390034003500,68173.2
fffe3500370031003500,142.99
fffe3500330039003600,591.4
fffe3600350038003400,1558.09
fffe3200390032003100,836.33
fffe3600310031003100,155.2
fffe3700330031003900,202.25
fffe3700370033003300,333.41
fffe3300340038003000,297.37
fffe3100330037003300,294.83
fffe3800370030003700,544.58
fffe3300300037003600,240.88
fffe3800310036003800,366.91
fffe3200300033003200,1052.13
fffe3800350030003600,406.04
fffe3800320039003200,245.63
fffe3100340030003100,149.66
fffe3500310032003000,2063.94
fffe3200370033003900,190.39
fffe3300380032003900,26481.5
fffe320031003400,299.43
fffe3300330038003200,295.12
fffe3900310032003200,450.24
fffe3800360039003400,5321.67
fffe3500340038003800,341.18
fffe3200350033003700,620.96
fffe3400330038003300,462.5
fffe3500310037003100,165.49
fffe3500370038003300,243.92
fffe3700330032003000,879.29
fffe3900380030003800,208.37
fffe3100390037003700,647.44
fffe3700300035003100,164.81
fffe3700310038003000,393.8
fffe3200380030003300,354.12
fffe3300370036003800,4285.28
fffe3600340032003000,230.66
fffe3200310036003000,5328.41
fffe3700300033003300,214.38
fffe320031003300,1254.96
fffe3100360034003800,415.45
fffe3400,675.7
fffe3700360030003400,8872.34
fffe3400300036003800,209.3
fffe3600310030003600,909.5
fffe3300310036003300,795.74
fffe3400390035003800,764.85
fffe3700320035003000,225.8
fffe3400340037003000,582.21
fffe3700380033003800,576.57
fffe350039003100,995.69
fffe3400330038003700,30338.48
fffe3700310030003500,213.25
fffe3100320038003000,1097.03
fffe3600360030003000,131.66
fffe3900330034003600,183.13
fffe320032003100,234.98
fffe3700370035003200,751.23
fffe3600340030003000,3891.51
fffe3300340033003700,215.9
fffe3300340033003900,226.81
fffe3700330031003400,267.61
fffe370033003700,492.75
fffe3700380032003500,185.86
fffe3700300034003800,175.99
fffe3900350034003400,1272.13
fffe3500350033003200,5870.59
fffe3500370037003400,2291.57
fffe3700320031003200,1396.12
fffe3100390033003100,754.22
fffe3900340038003900,2260.7
fffe3500350038003600,363285.43
fffe3100350037003300,495.61
fffe350031003400,218.97
fffe3600360031003100,477.38
fffe3600360030003300,236.31
fffe3700350037003300,128.7
fffe3100310032003300,529.73
fffe3600310033003000,3585.2
fffe380033003300,216.97
fffe3600330031003000,449.07
fffe3900380034003400,273.31
fffe3600380039003900,1500.96
fffe3900340031003400,265.51
fffe3500350031003500,952.47
fffe3200390034003500,585.49
fffe3300320036003100,26577.27
fffe3500370034003000,191.92
fffe3700350031003700,3980.23
fffe3300390032003800,480.49
fffe360038003500,635.2
fffe3900300037003100,292.09
fffe3900310031003700,2798.37
fffe3100320033003300,25080.83
fffe3200320035003800,51300.97
fffe3200360034003300,1933.68
fffe3600330031003300,460.34
fffe3900390035003600,651.11
fffe390032003600,2250.56
fffe3600370037003900,112.15
fffe3700300031003600,2098.55
fffe3900340030003300,2063.31
fffe340032003700,178.33
fffe3600350035003200,269.26
fffe3700360036003000,720.72
fffe3800300036003100,484.19
fffe3400330037003400,1217.23
fffe390038003600,8465.93
fffe3300360035003000,4106.79
fffe380036003600,325.99
fffe3400390036003200,276.9
fffe3300300030003800,1815.53
fffe3800330039003100,512.39
fffe3400380030003000,183.44
fffe3800310036003900,192.51
fffe3500320038003700,207.02
fffe37003200,421.04
fffe3300370038003100,615.32
fffe3800380039003000,9405.69
fffe3500340030003600,336.22
fffe3700300039003300,7809.02
fffe3800310034003100,207.85
fffe3500360038003000,733.43
fffe3800370036003100,309.74
fffe3700320032003600,317.79
fffe3800330033003400,5349.72
fffe3700320034003300,6562.39
fffe3300330039003000,860.35
fffe3400300039003400,406.28
fffe3500360034003300,49105.89
fffe3700350038003000,311.9
fffe3100310031003500,567.96
fffe3400330035003600,339.61
fffe3800300034003700,440.4
fffe3200300038003700,1706.99
fffe3500320037003300,2339.2
fffe3200300031003800,3350.76
fffe3700360035003000,420.48
fffe3500330030003500,33378.68
fffe3700300032003700,416.49
fffe3200320031003800,440725.6
fffe3600390036003400,45011.63
fffe3800320036003600,22465.11
fffe390030003000,805.64
fffe380038003200,416.56
fffe3600320032003300,606.68
fffe3300350038003700,826.23
fffe3800380035003100,488.25
fffe3200310032003800,208.64
fffe3500350038003100,203.03
fffe3500350037003000,3837.57
fffe3900350037003300,214.92
fffe3400340032003800,5777.41
fffe3700330036003100,1179.91
fffe3800380032003400,804.73
fffe3400380033003300,186.03
fffe3500390035003600,8800.91
fffe3200380039003700,1029.16
fffe380036003300,4073.68
fffe320035003600,797.96
fffe3900370030003000,210.63
fffe3500350036003900,182.0
fffe3200340032003600,2832.2
fffe3500320031003200,782.99
fffe3400300035003500,380.86
fffe3800330032003800,5033.8
fffe3400380030003700,139.76
fffe3100390035003600,483.96
fffe3400350034003500,14366.26
fffe3300390033003800,507.43
fffe3100300038003900,399.32
fffe3200390037003900,229.03
fffe3700350030003800,328.03
fffe3600370034003500,526.69
fffe3500350039003800,463.34
fffe3800300034003300,387.26
fffe3800370030003600,316.45
fffe3500360031003100,225314.1
fffe3800390031003100,5883.32
fffe3500360031003800,279.48
fffe310038003300,1207.65
fffe310035003900,622.55
fffe350036003400,50895.34
fffe3800390038003100,49431.44
fffe3600300034003000,715.73
fffe3300380030003400,2284.41
fffe3800310033003900,590.21
fffe3400380032003200,8084.58
fffe3800310030003300,2408232.86
fffe3400330032003500,518.62
fffe3900370032003900,227.94
fffe3800330037003700,242.15
fffe320036003800,523513.01
fffe3500380035003900,2494.72
fffe3200310036003700,6268.11
fffe3400390030003800,5986.21
fffe3900340039003700,40807.62
fffe3300360038003800,87920.3
fffe3200390033003500,2503.99
fffe3600360034003500,212.78
fffe3600360031003300,250.69
fffe3700310033003500,149.37
fffe3900330037003100,167.46
fffe310032003100,1388.79
fffe3800360034003500,166.95
fffe3100330034003300,361.23
fffe3900340038003200,558.75
fffe370032003200,957.82
fffe3300310030003500,441.11
fffe320036003700,244.61
fffe3500320037003900,278.24
fffe3400370031003400,20777.45
fffe3900340037003100,793.05
fffe3300380035003200,908.1
fffe390030003200,2474.33
fffe3200360033003200,488.24
fffe3200340039003600,15450.76
fffe3300300033003400,116.41
fffe38003800,174.24
fffe3600330031003400,620.38
fffe3700350038003800,1665.35
fffe3700340031003500,4848.15
fffe3700390037003100,56596.18
fffe3200360035003700,2351.91
fffe3500320037003000,195.0
fffe3800390038003400,859.15
fffe3200300031003400,1593506.39
fffe3500350038003800,138.39
fffe3500340031003900,855.67
fffe3600340038003300,15068.49
fffe3500310039003000,389.42
fffe3600390034003100,264.57
fffe3400330034003400,14142.6
fffe350038003200,9831.52
fffe3100360035003400,265.78
fffe310037003400,1142.16
fffe3800340035003200,233.2
fffe3800360036003000,738.12
fffe3500340033003200,405.51
fffe3500330035003400,153204.52
fffe3100310033003200,335.88
fffe3200330030003100,1408.07
fffe3900320038003500,674.38
fffe3700310038003800,574.11
fffe3200380033003500,1504.08
fffe3100360035003500,1558.9
fffe3200360030003900,224.39
fffe3900360035003100,674.51
fffe3800340034003500,823.21
fffe3100370031003000,1827.9
fffe3500320035003500,209.62
fffe3400360034003900,708.38
fffe3900330037003300,96745.69
fffe3300320039003800,412.37
fffe3700350030003500,758.41
fffe3600380031003300,409.03
fffe3700360030003700,333.57
fffe3900350033003900,409.92
fffe3900350037003900,617.1
fffe3200390035003300,6563.18
fffe3500380037003300,1296.85
fffe3800300032003500,20567.23
fffe3700360032003300,5241.62
fffe3900330034003300,315.67
fffe3200330039003200,208.7
fffe3300350037003600,409.06
fffe3100350038003100,123867.18
fffe3200330038003100,181.8
fffe3700330038003200,104.94
fffe3700360033003800,1979.14
fffe3800370038003100,257.32
fffe3800340035003600,410.75
fffe3100370033003800,313.71
fffe3500300031003700,191.16
fffe3500360039003700,217.78
fffe3500330031003500,270.88
fffe3500310035003000,183.52
fffe3700340034003000,242.8
fffe3600320036003000,211.08
fffe3800370033003300,318.64
fffe3400360031003400,165.53
fffe3300370037003300,3582.78
fffe3200330030003400,374.48
fffe3600370037003100,665.89
fffe3100360036003100,493.54
fffe3200350035003300,186.15
fffe3400360033003600,2361.56
fffe3400390031003800,324.97
fffe3500370036003300,2073.34
fffe3300350032003400,516.9
fffe3700340038003700,912.26
fffe3700330037003100,209.9
fffe3600350031003800,113091.14
fffe3800310033003700,1939.28
fffe3200300038003500,242.25
fffe3300310032003200,350.24
fffe370032003000,117381.6
fffe3900310034003600,154.9
fffe3100370032003900,237.97
fffe3200360031003100,6363.08
fffe370037003300,676.46
fffe340037003000,2983.61
fffe3100380035003700,1537.75
fffe3100360031003700,147354.17
fffe3600380030003700,21592.53
fffe3600350030003500,179.2
fffe3600340030003900,366.74
fffe3800300034003800,11470.02
fffe3500330031003800,345.4
fffe3600350030003400,410.94
fffe320031003100,213.42
fffe3100360030003900,25183.88
fffe3400340036003000,781.07
fffe3800310032003700,324.23
fffe3400380038003600,2175.81
fffe360036003600,345.98
fffe390039003900,252.48
fffe3700380030003600,140.47
fffe3200340030003800,201.45
fffe3400310037003300,144.5
fffe3800390032003300,454.82
fffe3100340033003800,799.06
fffe3900390031003400,7588.49
fffe3600350034003000,6848.44
fffe3100360032003300,189.65
fffe3600390037003900,1967.71
fffe3700350036003300,449.71
fffe3400370030003800,101.11
fffe360032003600,218.48
fffe380037003800,171.67
fffe3700320039003200,395.76
fffe3800300030003600,1639.75
fffe3700390033003400,481.35
fffe3500370037003300,126.59
fffe3300330038003700,945.82
fffe3300310031003600,852.36
fffe3500370031003700,276.57
fffe3600330032003000,303.74
fffe350038003700,599.28
fffe3700370033003400,925.43
fffe3900310032003100,872.91
fffe3300300035003300,238.44
fffe3500350030003700,258.19
fffe3800300030003900,197.37
fffe320033003100,1162.48
fffe3300360030003600,157.36
fffe3400370039003600,311.71
fffe370036003300,7237.24
fffe3500320031003600,149.17
fffe3300300031003400,1172.67
fffe3100360036003600,118.02
fffe3200380039003300,8566.29
fffe3200380036003500,14729.76
fffe3100360034003700,337.19
fffe35003900,3853.49
fffe3300380031003100,255.71
fffe3400300037003700,1180.93
fffe3100310039003900,1461.95
fffe3200320034003400,154.71
fffe380034003400,175.87
fffe3900330033003300,3231.14
fffe3200310034003500,402.07
fffe3600330035003500,249.49
fffe3900380039003400,270.65
fffe3600310034003100,149.86
fffe3800360037003300,386.02
fffe3200380039003000,447.03
fffe3600320031003000,178.49
fffe3300360039003400,3965.22
fffe3400320032003400,231.39
fffe3600320034003000,253.64
fffe3100370039003700,291.83
fffe3300300032003100,1308.76
fffe3500380038003400,2901.79
fffe3400350036003500,141.15
fffe3800380034003900,751.83
fffe3600320030003800,205.44
fffe3500350030003900,622.34
fffe3500310038003500,554.05
fffe3500320039003400,305.77
fffe3700340030003900,31543.34
fffe3100390032003400,161.91
fffe3700330036003000,47370.18
fffe3200320038003800,574.27
fffe3400300036003200,8064.01
fffe3900360037003000,777.1
fffe3500350030003500,802.16
fffe3800390032003400,7803.76
fffe350036003300,1224.41
fffe3800370034003700,5830.56
fffe3100350036003700,702.2
fffe3600300030003600,1808.97
fffe3600370031003700,1912.58
fffe3700320034003200,2463.48
fffe3500370034003200,1737.96
fffe3300330039003300,592.9
fffe3600370039003100,393.23
fffe350030003400,184.89
fffe380033003900,141.25
fffe3200370038003000,196.81
fffe3600340031003000,504.55
fffe3700330037003500,153.39
fffe330039003600,4844.01
fffe3300350033003700,2030.62
fffe3500370039003100,206.28
fffe3100390032003800,347.42
fffe3900350030003700,330.93
fffe3300390036003600,438.45
fffe3700360039003700,1243.74
fffe3700360037003100,692.83
fffe320030003200,679.03
fffe3400390035003900,222.14
fffe38003900,191.76
fffe3600370030003100,328.31
fffe3200370034003300,13248.11
fffe3900370039003800,317.97
fffe3500320034003600,431.12
fffe3100330038003800,267.99
fffe3500300034003700,3559.03
fffe3700370039003300,594.42
fffe3900350036003900,603.62
fffe3300370034003700,1396.09
fffe390037003300,856.44
fffe3100300031003900,252.08
fffe3600330039003500,513.43
fffe3200320037003800,1690.21
fffe3400300030003200,289.77
fffe3800320033003500,317.47
fffe340032003500,994.53
fffe3700340035003700,1070.52
fffe370037003700,308.85
fffe3600380031003900,258.58
fffe3100340031003600,6073.79
fffe3400320038003600,585.45
fffe3700340032003100,4216.65
fffe310039003500,191.1
fffe3500350030003600,215.22
fffe3400300035003200,2398.65
fffe3300350039003200,335.13
fffe3100390030003400,3772.87
fffe3300310039003300,694.16
fffe3400360032003400,641.21
fffe3400310032003900,192.22
fffe3500370035003600,253.45
fffe3800320039003600,156.36
fffe3800390039003300,213.68
fffe3600300036003100,406.36
fffe3900380035003700,4206.89
fffe3900350031003100,489.62
fffe31003800,599.6
fffe3700300035003500,279.76
fffe3700320033003000,239.2
fffe3700390031003400,170.0
fffe3500390030003400,349.44
fffe3600380039003800,208.89
fffe3100310038003100,321.27
fffe3500310031003100,205.08
fffe3500350034003100,286.66
fffe3200320039003100,239.28
fffe3300360039003300,2549.94
fffe3500370033003600,454.27
fffe3900300035003100,150.06
fffe3900320032003000,277.36
fffe3700390030003200,82659.86
fffe3800330036003400,275.79
fffe3900330037003900,1146.51
fffe3400300039003000,962.74
fffe3300370035003800,5091.03
fffe3500390031003400,165.16
fffe3600300034003600,1068.77
fffe3300300034003200,307.51
fffe3900330038003200,3451.45
fffe3200370031003600,176.07
fffe3700370033003800,211.65
fffe3300340034003200,1816.1
fffe3500390037003600,279.14
fffe3300310036003600,763.31
fffe3100340034003300,171.75
fffe3400350034003200,57166.78
fffe3500380031003600,679.53
fffe3300340030003000,832.8
fffe350038003300,638.58
fffe3700320039003100,2435.09
fffe3200350033003300,2779.63
fffe3500300038003400,176.2
fffe3500370035003300,159.6
fffe3900350038003700,3080.06
fffe3100360033003300,220.59
fffe3200340033003400,3674.29
fffe3700300031003700,79469.24
fffe3800360033003300,216.42
fffe3200340033003200,606.82
fffe3900370039003900,732.4
fffe3300360038003900,893.59
fffe3100320036003000,399.69
fffe3600300035003000,926.69
fffe3200380032003700,700.66
fffe3600380030003600,511.34
fffe3100320030003200,3247.23
fffe3900390033003400,478.11
fffe3800340032003300,222.31
fffe3500330037003400,1184.23
fffe3300390033003200,28084.76
fffe3700370030003000,429.67
fffe3400350034003400,356.58
fffe3700300030003400,39207.79
fffe3700340034003200,102349.91
fffe320035003100,996.76
fffe310035003000,829.62
fffe3700340033003200,313.23
fffe3300330033003800,560.27
fffe3900350038003200,62317.75
fffe3600310030003500,277.98
fffe3100310038003200,267.09
fffe3600340031003200,312.99
fffe3200310032003700,1010.58
fffe3400380036003200,571.38
fffe3900370038003700,251.01
fffe3100350032003900,581.71
fffe3700350030003900,5498.88
fffe3100340032003700,65556.5
fffe3100380032003400,241.71
fffe3500330038003300,255.2
fffe3700310031003400,533.84
fffe3500380034003800,435.29
fffe3500300031003400,1886.22
fffe3800350035003700,286.14
fffe3100370033003500,179.17
fffe3200370035003800,276.84
fffe3300330030003700,514.86
fffe3900350036003800,22662.88
fffe3600300036003200,216.05
fffe37003000,1673.02
fffe3600360035003700,139.63
fffe3600380034003500,603.4
fffe3100370035003000,443.49
fffe3200320032003100,471.43
fffe3400330037003900,256.69
fffe3100370036003900,229.2
fffe380032003700,712.92
fffe34003300,13748.27
fffe3400350032003600,92.72
fffe3600300035003100,202.85
fffe330037003400,139.91
fffe3100320039003800,1224.54
fffe3700390033003300,995.95
fffe3900340032003000,26836.86
fffe3700360032003700,94.6
fffe3300340033003600,535.2
fffe3800380035003200,528.96
fffe3800360039003500,352.41
fffe3100310039003500,503.92
fffe3200360035003000,1041.36
fffe3100320039003100,399.83
fffe3700370034003200,1161.87
fffe3500390033003800,129.66
fffe3200360032003600,178.1
fffe3100320031003000,1343.53
fffe340034003800,343.99
fffe340030003100,1366.54
fffe3100350033003900,2285.7
fffe3300300036003400,1360.93
fffe3800370036003000,7596.8
fffe3200340032003400,1452.82
fffe3700300031003400,318.17
fffe3300320031003800,56167.15
fffe3400360032003700,233.48
fffe3700340036003100,220.9
fffe3900370034003400,1292.18
fffe3500380038003500,2167.51
fffe3200380037003300,168.13
fffe320031003800,4248.11
fffe3700350032003200,668.87
fffe3900310037003300,726.96
fffe3300320037003700,313.23
fffe3900380035003800,315.45
fffe3700340033003000,335.64
fffe3900330033003500,1895.34
fffe3300360035003300,248.66
fffe3700320031003600,298.42
fffe3800390033003100,224.14
fffe390034003800,282.35
fffe3500320033003800,637.56
fffe320036003100,535.54
fffe3300300037003800,245.39
fffe3600390036003700,175.06
fffe330033003700,4214.95
fffe3700340038003300,2554.78
fffe3600370037003600,1074256.76
fffe3500350038003400,434.95
fffe3300330034003600,191.51
fffe3900330036003800,206.59
fffe3400310039003700,170.0
fffe3200310031003500,1874.14
fffe3400370034003900,687.92
fffe3800350036003100,307.33
fffe380039003400,610.65
fffe3600360033003300,1111.94
fffe3800310030003500,908.7
fffe3200380034003100,192.8
fffe3900390035003900,216.26
fffe3300390030003800,1120727.04
fffe360035003000,439.89
fffe3500300030003800,3500.0
fffe3300300033003500,519.6
fffe3700350035003300,1278.76
fffe3800390035003500,611.66
fffe3400330032003300,6523.87
fffe3800370035003900,1324.47
fffe3400350037003600,189.6
fffe3200360039003200,264.15
fffe3500310035003500,1766.65
fffe3300350037003900,910.66
fffe360030003100,224.63
fffe3700370038003900,820.29
fffe3500380035003400,1975.9
fffe3500330035003000,257.01
fffe3100320038003100,205.02
fffe3700390033003700,56257.75
fffe3800320036003900,481.33
fffe3700370031003900,1067.18
fffe3500340037003100,387.15
fffe3700310035003600,311.84
fffe390035003500,370.84
fffe3300350036003000,2070.64
fffe3800330033003500,1724.24
fffe3700300031003300,1915.74
fffe3800390033003300,506.74
fffe3500390038003000,488.51
fffe3200360039003000,9486.48
fffe3600320034003100,116.74
fffe3900310035003800,1348.49
fffe310035003800,6932.04
fffe3900320039003400,666.25
fffe3500330034003600,130.22
fffe3200380038003200,131.0
fffe3400300030003600,3084.88
fffe3100300034003100,1044.69
fffe3500370033003200,830.0
fffe3900350031003500,547.13
fffe3100380036003800,336.78
fffe3100330039003400,1064.31
fffe3500380039003700,400.35
fffe3400390035003200,6662.61
fffe3400330033003000,183.11
fffe3100350033003500,202.68
fffe3200310030003800,285.64
fffe3900380039003800,192.97
fffe350033003800,290.65
fffe3200310038003500,1899.22
fffe3700380039003000,681.45
fffe3200320039003600,1492.46
fffe3300370031003200,1987.96
fffe3300360034003500,13950.03
fffe3100350030003100,243.12
fffe3100360039003100,417.05
fffe330038003800,287.7
fffe3200300038003300,516.21
fffe3400350035003800,239.63
fffe3900350035003600,205.21
fffe3600330034003500,647.24
fffe3600390031003100,347.13
fffe360035003500,256.48
fffe380038003800,230.83
fffe3100380032003500,292.14
fffe3500320035003700,348.8
fffe3900340036003700,194.13
fffe3100330035003800,394.51
fffe3500300038003100,136.95
fffe3100350031003400,823.61
fffe3800320038003900,58121.7
fffe3900340031003000,112.8
fffe310035003500,149.94
fffe3200360038003000,495.33
fffe34003700,306.0
fffe3200370037003100,403.13
fffe340031003100,1852.81
fffe3100340037003900,772.31
fffe3800350033003900,1224.89
fffe3900330035003000,9481.55
fffe3500340031003300,252.05
fffe3800390033003800,749.51
fffe3700330035003300,2781.04
fffe3400370035003600,86.08
fffe3700300038003700,1269.92
fffe3900300035003900,157.06
fffe3300370039003600,252.8
fffe3800300034003100,693.51
fffe3800360030003100,465.61
fffe3200380034003500,4421.04
fffe3700380035003500,13436.84
fffe33003100,178.39
fffe3100360035003200,19905.53
fffe3100330031003100,8909.85
fffe3800370033003700,4535.02
fffe3400330037003300,940.82
fffe3700390033003800,595.05
fffe390035003100,319.76
fffe3100330031003800,748.05
fffe3100330030003800,167.14
fffe3500390038003600,972.03
fffe3300310034003300,579.36
fffe3400330032003200,176.16
fffe3900330032003700,593.54
fffe3600380037003100,579.33
fffe3700320033003100,303.18
fffe3200310039003400,167.15
fffe3800390031003900,326.87
fffe3100370038003400,355.04
fffe360033003400,360.19
fffe3400320038003000,373.07
fffe3600360035003900,200.22
fffe3300330034003100,4095.47
fffe3300350037003100,174.44
fffe3800350037003000,61993.95
fffe390031003600,152303.99
fffe3500360033003200,331.79
fffe3800300035003200,401.52
fffe3100390036003700,312.14
fffe3900360030003900,493.15
fffe3700310037003400,231.01
fffe3500390033003600,629.85
fffe3500300032003400,391.69
fffe3400380036003700,625.77
fffe3400390034003400,1298.8
fffe3500310035003800,716.44
fffe3500340030003400,5495.98
fffe3600390030003100,2046.92
fffe3400330034003600,135.73
fffe3100360033003900,395.75
fffe3300380035003500,2064.14
fffe3400340039003700,239.82
fffe3900330033003800,11324.12
fffe3200330030003800,626.35
fffe3700350032003000,8390.49
fffe3600320035003900,671.41
fffe3400330034003200,273.47
fffe3600380039003100,216.14
fffe39003900,515.92
fffe3900340036003400,270.74
fffe3400390030003100,338.74
fffe3700310039003800,156.17
fffe3900370035003600,148.29
fffe3100320035003300,964.81
fffe3300350034003100,195.61
fffe3900370036003700,911.36
fffe360033003100,486.49
fffe3700380038003800,44278.76
fffe3500380033003600,181.83
fffe3900360034003900,458.92
fffe3300380038003300,681.62
fffe3100380037003700,75081.76
fffe3300320030003600,2317.88
fffe3900350032003900,533.72
fffe3600370032003200,240.22
fffe3500300038003500,393.2
fffe3100340038003800,1221.94
fffe3700310030003200,6369.91
fffe3200310035003500,6651.24
fffe3400320033003600,1410.51
fffe3900330034003400,246.03
fffe3500350033003600,132.59
fffe3800310033003300,167.22
fffe3700360034003500,187.87
fffe3700340037003900,389.16
fffe3700320030003700,1273.06
fffe3800320037003200,277.67
fffe3200380032003500,12994.63
fffe3100300039003400,193.63
fffe3400370038003500,4587.8
fffe3800360037003100,485.49
fffe38003200,910.68
fffe3800320039003900,292.57
fffe3800370039003900,211.22
fffe3800320037003600,555.0
fffe3400380034003800,151.64
fffe3400340033003300,727.12
fffe3200300030003300,96.81
fffe3600370037003800,183.86
fffe3400310035003700,3730.5
fffe3100360031003900,968.8
fffe3200350037003700,595.79
fffe3200370038003700,184.98
fffe3400350037003900,175.96
fffe3300340031003900,101942.0
fffe3400330037003800,756.4
fffe3400380031003200,858.68
fffe3300300030003000,977.59
fffe3700300036003400,640.98
fffe3700310038003500,1911.6
fffe3500310038003600,370.88
fffe3800390036003300,1382.91
fffe3800330035003700,388.03
fffe320033003400,170.67
fffe3400390039003300,841.74
fffe3100370035003600,3768.34
fffe3100390034003000,280.94
fffe3200370038003500,381.94
fffe3700340039003100,1954.1
fffe3200330037003100,747.7
fffe3300340034003800,1243.65
fffe3400300038003100,309.34
fffe3500320033003900,234.38
fffe3500340030003000,51895.27
fffe3100310034003400,564.13
fffe3400390038003300,953.67
fffe3900310033003800,158324.79
fffe3800360031003300,285.55
fffe3600380033003100,819.09
fffe3200360032003900,187.08
fffe3500370030003900,142.51
fffe3200340035003600,428.37
fffe3900370039003500,719.23
fffe3900320037003900,155.81
fffe3500350033003700,16062.86
fffe3400360038003000,251.07
fffe360036003700,4624.64
fffe3400390034003900,182.42
fffe3200370036003500,1290.89
fffe3300310030003900,344.99
fffe3100390036003200,4610.05
fffe3700380036003100,458.08
fffe3600300031003500,220.64
fffe3700300035003000,148.76
fffe3800300031003100,2936.01
fffe3700350034003700,145.23
fffe3200330033003700,283.18
fffe3200330033003900,371.28
fffe3500380031003200,26873.6
fffe3500350030003100,195.64
fffe3600380035003300,153.5
fffe3200350032003500,468.29
fffe3500330035003500,1131.82
fffe3700310038003100,221.72
fffe3700310036003700,211.46
fffe3300370038003300,396.23
fffe3200320034003200,268.26
fffe3400300037003300,1079.21
fffe3300360039003000,3181.94
fffe3100380039003300,210.66
fffe3600320034003400,182.56
fffe3900390039003200,3839.5
fffe3400350036003100,257889.87
fffe3200300033003000,4026.76
fffe3300390032003000,77012.33
fffe3500340035003700,11687.41
fffe3200380039003900,577.59
fffe3600330030003400,362.55
fffe3600360034003200,547.21
fffe3500300034003000,221.66
fffe3400330039003800,342.85
fffe3500390039003600,278.5
fffe3200310038003800,614.13
fffe3600300030003200,494.71
fffe3200390036003200,226.87
fffe390033003900,653.86
fffe3700370038003000,488507.87
fffe3800350038003900,690.12
fffe3500320034003200,1453.57
fffe3900300032003300,616.12
fffe3200390030003100,8432.03
fffe3300370035003900,2505.92
fffe3700360034003300,205.49
fffe3900370037003700,200.0
fffe3600350038003000,1084.5
fffe3900360031003700,316.01
fffe370038003200,1522.87
fffe3300330031003100,143.19
fffe3800360031003100,398.52
fffe3800380039003900,153.24
fffe3800320038003600,400.62
fffe3300320032003500,3011.39
fffe310038003700,886.32
fffe3600310037003500,212.26
fffe3300380030003300,172.41
fffe3900360031003400,11185.47
fffe3700330037003200,554.04
fffe3700320038003200,977.07
fffe3500370036003500,596.37
fffe3700390036003200,8307.39
fffe3100300035003600,13006.0
fffe3900340038003800,152.55
fffe3600350039003800,209.97
fffe3600320030003000,682.16
fffe3600300031003700,396.46
fffe3300320031003500,8624.27
fffe3700340038003900,1470.47
fffe3400360032003600,789.91
fffe3300380037003700,449.87
fffe3100350035003000,189.14
fffe3600320039003000,1938.89
fffe3700330031003800,3884.44
fffe3600340033003800,590.17
fffe330035003600,1127.64
fffe3700380037003000,1213.89
fffe3700350037003800,165.72
fffe3700390037003400,438.94
fffe3300350034003900,198834.16
fffe390038003800,237.64
fffe3400320036003800,896.58
fffe3300330032003500,205.47
fffe3800380031003500,178.54
fffe3400350039003100,356.29
fffe310036003100,51227.26
fffe3900390039003000,310.39
fffe3300360033003200,1245.92
fffe3800380033003800,175.47
fffe3500340038003300,214.06
fffe3500370031003300,291.12
fffe3400300034003700,1633.07
fffe3700360037003800,8720.12
fffe3800340038003400,8115.47
fffe3700330036003900,1061.36
fffe3900310037003400,1087.11
fffe3300370030003300,480332.1
fffe350039003500,552.48
fffe3300360037003800,391.18
fffe3500380035003300,4772.5
fffe3800320030003000,426.04
fffe3100350032003700,264.69
fffe370033003900,252.16
fffe3200320031003900,4312.79
fffe3400350031003300,168.77
fffe3200370032003500,5969.35
fffe3600340032003500,533.39
fffe3800380038003200,223.42
fffe3500390035003900,2430.55
fffe3400390036003800,632.45
fffe3800350036003000,1527.8
fffe3900370030003900,306.16
fffe3200350036003600,2718.92
fffe3800350032003100,1904.5
fffe3900340037003800,623.78
fffe3400340039003400,2946.69
fffe3700390038003200,628.75
fffe3200380034003200,715.94
fffe3800380030003100,5359.31
fffe370037003800,729.0
fffe3700330032003400,138.1
fffe3700300030003700,406.31
fffe3200390030003000,238.6
fffe3400320036003400,926.46
fffe3700390038003700,364.89
fffe3400300037003800,580.31
fffe3800300035003400,249.39
fffe3400370037003300,219.32
fffe3600390032003300,891.38
fffe3700340033003600,1486.73
fffe3900390038003400,271.81
fffe3800330037003800,2310.49
fffe3400330036003500,1194.86
fffe350037003400,189.68
fffe3200360034003700,161.66
fffe3700320034003700,7917.5
fffe3200300038003900,563.08
fffe3100370032003600,5210.27
fffe3400340034003400,385.38
fffe320038003200,278.7
fffe3900360034003000,271.88
fffe3700370037003400,2113.83
fffe320035003400,1150.4
fffe3500390030003900,1197.99
fffe3700300034003300,125079.95
fffe3300380032003600,838.98
fffe3400390039003400,483.42
fffe3500380038003700,3036.57
fffe3200360037003300,236.8
fffe3700320038003400,184.1
fffe3900310036003600,413.03
fffe3300340037003200,359.35
fffe3600360037003300,293.82
fffe3300340030003100,584.99
fffe3800320034003700,401.28
fffe3100360037003700,1363.02
fffe3900360038003200,708.1
fffe3900370031003400,1510.29
fffe3300390036003900,206.7
fffe3400350031003500,118568.16
fffe3900320032003800,245.24
fffe3200360031003300,7578.62
fffe3200370032003900,551.56
fffe3300300038003500,242.21
fffe3400330034003700,1538.0
fffe320035003000,737.71
fffe3100390034003300,612.88
fffe3300310034003200,518.0
fffe3900300033003200,489.89
fffe3700390039003300,196.0
fffe350033003000,2679.48
fffe3700320031003500,305.58
fffe3300320030003300,722.57
fffe3800310036003500,968.9
fffe3400370036003100,5611.73
fffe390033003500,107927.45
fffe3100390034003400,399.43
fffe3400390038003400,219.41
fffe3300300035003700,5064.78
fffe3200340035003400,908.98
fffe3800310033003200,350.92
fffe3300350037003300,218.72
fffe3900330039003800,13347.99
fffe3400370035003900,542318.87
fffe3200380039003400,606.39
fffe3900380037003000,282.02
fffe3400310039003900,1422.52
fffe370039003500,255.19
fffe3100330037003600,590.49
fffe3700330037003600,167.26
fffe3800330035003600,82799.23
fffe3100390038003400,236.28
fffe3700360039003000,1291.74
fffe3100310032003800,477.1
fffe3100390034003800,38006.48
fffe380032003900,285.88
fffe3300380039003300,37929.91
fffe3500320036003700,139.76
fffe3800310036003000,269.3
fffe3400340038003700,137.93
fffe36003500,418.1
fffe3800360030003300,573.96
fffe3600340036003800,571.76
fffe3500360035003500,246.88
fffe3100380030003400,2226.69
fffe3300310035003400,205.85
fffe3200340031003800,501.29
fffe350030003300,186.29
fffe3100300037003900,549714.27
fffe3100340036003200,204.26
fffe3200320036003700,719.67
fffe370035003900,268.86
fffe3700310034003800,193.64
fffe3400370031003100,200.48
fffe3600380034003700,328.79
fffe3700370037003300,183.27
fffe3500370032003500,1181.22
fffe3500340037003800,235.92
fffe3600380033003900,21889.79
fffe3700340035003200,2002.2
fffe3900330034003700,396.33
fffe3300360036003900,298.13
fffe3600340030003300,168.48
fffe3200310031003400,1827.61
fffe3100390032003100,5712.44
fffe3200330033003800,311.65
fffe3700330034003500,262.23
fffe3200360033003700,346.88
fffe3100340033003100,182.53
fffe3300360037003400,404.91
fffe3300360035003600,154954.7
fffe3200350038003400,202.2
fffe3200320032003200,640.82
fffe3500330036003700,241.93
fffe3300360036003300,230.56
fffe3300360033003500,31925.85
fffe330038003000,1088.25
fffe3700360039003600,25638.91
fffe3800320037003300,226.88
fffe3100330038003200,708.67
fffe3700310032003200,135.59
fffe320037003500,474.7
fffe3600300037003700,227.88
fffe3500360030003200,7172.63
fffe340031003500,948.33
fffe3100300036003800,303.06
fffe3100390035003100,460.61
fffe3100350034003700,209.7
fffe3500320032003900,329.24
fffe380036003200,246.12
fffe3800300037003500,8222.85
fffe3800370038003500,334.8
fffe3300340037003900,14859.98
fffe3500320039003500,9451.81
fffe3500360038003900,208555.3
fffe3900370035003400,323.79
fffe3400330031003100,914.22
fffe3300360031003400,245.85
fffe3500360034003600,71255.61
fffe3100350037003700,321.63
fffe3300330039003700,9996.24
fffe3400370037003600,123035.31
fffe3200370032003100,215.93
fffe340030003600,225.66
fffe3300300036003000,4625.97
fffe3500350039003100,214.49
fffe3300340034003700,558.7
fffe3600350038003200,257.66
fffe3900310032003500,315.37
fffe3900350039003200,10523.88
fffe340034003400,65107.88
fffe3700300030003800,413.87
fffe3300360031003100,2619.0
fffe3600300032003300,607.87
fffe3100390036003900,293.55
fffe3300340030003200,2606.33
fffe3500390032003400,117.48
fffe3800350038003700,1705.48
fffe3300310039003000,7447.83
fffe330036003100,582.05
fffe3800370039003000,556.31
fffe3500320030003600,511.27
fffe3700370036003000,444.87
fffe3600340030003200,151.95
fffe3600340037003000,326.98
fffe3600350032003600,1307.69
fffe3900310033003900,260.82
fffe3900390035003500,323.25
fffe3600330031003600,322.27
fffe3200350035003800,19451.81
fffe3500330030003600,32834.25
fffe3900350039003000,181.22
fffe3200360032003300,902.93
fffe3200300034003800,673.72
fffe3900320038003600,1192.44
fffe3500320033003000,167.64
fffe350032003000,199.8
fffe31003900,1280.92
fffe3500340035003300,582.08
fffe3700380033003000,271.42
fffe3100380038003200,635.1
fffe3700310034003700,1481.17
fffe3300360030003700,35865.64
fffe3800360032003900,117.65
fffe3400360034003700,955.45
fffe3700320036003300,879.65
fffe3200300037003500,4615.17
fffe3300320033003400,357.06
fffe3900300039003500,360242.45
fffe3300360035003100,6257.29
fffe3700350033003400,752.91
fffe3900350030003000,417.51
fffe310037003100,340.87
fffe3400340035003500,6074.11
fffe340039003400,1854.83
fffe3200390038003700,1166.63
fffe3100300039003900,282.39
fffe3800320034003600,151.65
fffe3200350030003000,1724.86
fffe3900310034003300,236.93
fffe3900390034003700,3029.44
fffe3700360030003800,327.3
fffe3300330035003700,868.55
fffe3900320039003100,5759.91
fffe3100300033003300,602.09
fffe320032003300,5802.41
fffe3900350035003200,134.98
fffe3300320031003000,322.52
fffe3400330034003300,1713026.45
fffe3400300038003900,202.67
fffe3300370034003600,514.72
fffe3700360033003500,744.45
fffe3400390039003100,6619.83
fffe3400340035003000,162.39
fffe3400310034003600,221.72
fffe3200330034003700,149.77
fffe330036003000,632.85
fffe3100340038003100,293.39
fffe3900370037003400,1079.65
fffe3100320037003700,283.36
fffe320039003400,1012.54
fffe3600310031003600,763.35
fffe3600360036003800,1257.53
fffe3800390039003000,302.63
fffe3800370032003300,210.42
fffe3300390030003500,1151.4
fffe3200380033003700,1246.72
fffe3300310035003900,729338.7
fffe3400310035003300,385.96
fffe3700370038003200,391.77
fffe3700380034003000,356.88
fffe3200350036003000,2478.14
fffe3400330031003900,954.96
fffe3900320033003700,405.61
fffe3300330037003100,180.76
fffe3500380030003000,3463.14
fffe3300310032003500,496.96
fffe3700330036003800,326.9
fffe3100350035003900,633.42
fffe3400390033003600,1807.72
fffe3700320037003200,3324.34
fffe390036003700,477.78
fffe3300380035003300,291.55
fffe3200310033003800,10847.63
fffe3600390035003400,514.87
fffe3700390030003700,264.08
fffe3500380038003000,154022.9
fffe3500340034003600,461503.69
fffe3800350032003000,452.74
fffe3100350037003100,8461.0
fffe3500370036003900,54980.05
fffe3400370037003400,1138.27
fffe3400320037003200,270.5
fffe3600340038003100,170.48
fffe3400370039003300,568.84
fffe3300390037003000,446.3
fffe3900330030003400,261.83
fffe3400320031003000,419.26
fffe310031003800,426.52
fffe3200310036003500,7500.74
fffe3300330039003100,662.6
fffe3400340035003800,9342.07
fffe3600370038003500,472.48
fffe3500340039003700,2220.83
fffe370033003100,413.64
fffe310030003600,442.46
fffe3600360033003800,304.75
fffe3400350037003400,209.25
fffe3100370031003200,338.1
fffe3100310039003100,904.71
fffe360037003900,8210.31
fffe3400310033003200,301.33
fffe3900390038003500,121.22
fffe3600330032003300,455.56
fffe3600380031003200,164834.54
fffe3500310036003800,308.45
fffe3700350035003800,140.24
fffe330031003700,9957.97
fffe3200380035003300,1618.43
fffe380034003000,1815.91
fffe330033003500,693.54
fffe3100390039003900,3485.73
fffe3500380036003100,41524.02
fffe3800340039003000,102.63
fffe3100370038003600,6134.11
fffe3400390032003700,460.62
fffe3900380037003400,2394.81
fffe3700330038003600,15415.28
fffe3900370037003500,6156.09
fffe3700330039003900,226.66
fffe3800330038003400,56858.1
fffe3600360030003600,343.19
fffe3100310038003600,17953.52
fffe3800300035003800,234.46
fffe3300350034003200,165.76
fffe3600380032003800,40472.29
fffe3700380031003800,3643.54
fffe3200320038003000,139.84
fffe340032003200,311.2
fffe3100320036003500,210165.35
fffe3600350039003900,786.53
fffe3900380038003600,395.75
fffe3900380031003000,8106.61
fffe390035003600,772.11
fffe3300370033003200,828.15
fffe3500340036003600,172.0
fffe3800330031003400,203.12
fffe3700350033003100,154.85
fffe3800320038003700,420.39
fffe3300370032003000,458.19
fffe3600360032003200,210.84
fffe3800390036003500,2116.32
fffe390039003100,153.6
fffe3600310030003700,357.58
fffe340037003200,685.83
fffe3100330037003500,663.08
fffe3100360031003800,174.76
fffe3200340036003300,502.4
fffe3400310039003300,4521.13
fffe3300300038003900,11022.61
fffe3100310033003700,415.97
fffe3100360039003000,299.59
fffe3200390034003100,254.96
fffe3100330033003600,232.91
fffe3300350037003400,224.77
fffe360032003800,358.24
fffe380036003700,1219.42
fffe3800300032003600,677.3
fffe3600380031003000,127.25
fffe3300330038003500,389.52
fffe3700340032003200,1251.71
fffe3300370037003700,534.73
fffe3500370035003700,10467.19
fffe360036003900,861.57
fffe3100390037003900,3708.23
fffe3500370037003200,217.16
fffe3400340032003000,1434.03
fffe3100370037003300,2595.89
fffe3500320035003000,284.47
fffe3500340036003500,734.43
fffe3300350036003200,25843.93
fffe3400330038003100,413.97
fffe3200370031003900,248.81
fffe3900380031003200,998.96
fffe3800340032003900,155776.45
fffe3900390032003200,317.99
fffe360032003000,601.57
fffe3300330033003900,110.1
fffe380039003000,661.52
fffe3500300037003800,369.85
fffe3700370032003600,186.24
fffe3100380032003100,205.25
fffe3700320032003100,286.21
fffe3700340038003500,381.46
fffe3700370039003600,250423.31
fffe3200340030003000,1304.79
fffe3800330035003300,547.01
fffe3300330032003000,685.59
fffe3200350037003100,567.07
fffe3700330033003200,157.07
fffe3600310038003800,432.99
fffe3300300031003000,260.97
fffe3800300039003100,533.12
fffe3800380036003000,576.54
fffe3700300031003800,294.13
fffe3100320031003400,128.91
fffe3700380037003900,111.77
fffe3700350030003300,1507.06
fffe3500320035003100,149.16
fffe3100390033003000,272.85
fffe3500390035003000,221.59
fffe3900340030003500,17854.79
fffe320031003900,304.58
fffe3400370037003500,344.86
fffe310036003700,625.74
fffe3600300039003000,178.79
fffe3600310038003000,494.56
fffe3600330038003100,16066.52
fffe3400300033003400,3166.67
fffe3800360038003000,175.44
fffe3300300033003300,494.19
fffe3500310031003800,1520.39
fffe3300360032003800,1350.89
fffe3900390036003900,3471.48
fffe3600380033003000,229.39
fffe3900380033003900,703.01
fffe3900340035003500,215.18
fffe3100330030003600,1230.76
fffe3600320031003400,161.01
fffe3900320034003200,148.09
fffe3300350036003300,60858.92
fffe3100310038003300,287.21
fffe3100370032003100,2223.14
fffe3500370036003400,1182.34
fffe3100340034003200,222.24
fffe3600380030003100,1806.26
fffe3400380037003500,206.31
fffe3400350032003500,477.12
fffe3100390034003900,568.59
fffe3600380032003000,7558.57
fffe360032003200,251.09
fffe3800380038003700,890.26
fffe3200330034003200,9579.52
fffe390035003800,214.14
fffe3800310039003800,991312.2
fffe3600320035003500,2599.63
fffe3200350033003800,920.39
fffe3300380038003200,3004.52
fffe3400310037003200,906.64
fffe3400300039003900,2864.13
fffe3800310039003200,731.55
fffe3400360038003700,316.55
fffe3800340035003400,476.46
fffe3600320038003000,742.44
fffe3300350038003900,1120.54
fffe3100370035003900,2312.43
fffe3800300033003800,467.21
fffe3700380034003800,1001.61
fffe3300350031003300,1136.16
fffe3900320038003000,233.98
fffe370036003600,11906.57
fffe3700370034003100,366.12
fffe3500370032003800,201.29
fffe3800320035003300,366.93
fffe3300360030003500,709.96
fffe3700310039003900,6283.78
fffe3900340035003000,195.16
fffe3900390036003600,256.18
fffe3800370037003800,1114.13
fffe3400330036003900,281717.52
fffe3800370032003000,276.16
fffe3200330034003500,280.19
fffe3800390031003800,286.91
fffe3300310039003600,1166.53
fffe34003600,419.14
fffe3900370038003500,495.0
fffe3200370031003800,360.13
fffe3200380031003200,48948.73
fffe3100390038003800,305.74
fffe3800340039003300,214.17
fffe3200380036003900,189376.05
fffe3900390033003200,2032.68
fffe3100340036003100,788.1
fffe3600320030003300,476.72
fffe3400310031003300,1303.99
fffe3200330031003600,299.13
fffe3700300035003300,1512.95
fffe3300320038003500,163.89
fffe3100390035003400,414.88
fffe3800340031003900,811.02
fffe3100300038003200,198.94
fffe3700320039003700,1165.47
fffe3900390035003000,272.03
fffe3300300032003700,3156.36
fffe3500350036003300,3931.52
fffe3100320036003900,232.67
fffe3300360032003500,826.74
fffe360031003500,1919.0
fffe3500350033003500,283.33
fffe3300370035003400,1027.65
fffe390038003500,18580.3
fffe3300370038003800,1262.88
fffe3100310031003600,431.66
fffe3300390034003600,937.16
fffe330039003200,1399.49
fffe3500300032003200,263.68
fffe3900370031003500,424.9
fffe3400340030003200,198.43
fffe3400380032003900,332.51
fffe3400380037003300,2426.03
fffe3100320032003000,41420.73
fffe3900360034003500,836.87
fffe3100350038003800,436.96
fffe3500320039003100,253.5
fffe3700370035003600,180.53
fffe3700310039003100,144.33
fffe3500320035003600,164.95
fffe3900300033003900,27523.87
fffe3300340031003400,161.17
fffe3700360034003000,222.2
fffe3500340039003200,559.14
fffe3400350036003800,376.67
fffe3100330032003900,332.18
fffe3500360038003600,919.24
fffe340032003000,76826.6
fffe380031003800,26864.66
fffe3500380032003400,392.58
fffe3100370039003900,712.01
fffe3700330035003500,393.66
fffe3600320031003700,196.29
fffe3300340030003400,1098791.56
fffe3400330030003500,138497.87
fffe3200380032003800,3256.37
fffe3400340038003900,1414.27
fffe3100310034003200,887.76
fffe3800360037003700,3860.12
fffe3200320038003900,895.34
fffe390037003800,3457.26
fffe3600370033003300,259.47
fffe3900390033003300,221.93
fffe3200340033003900,1936.35
fffe3500370031003200,177.43
fffe3800380033003300,272.99
fffe3600340032003600,208.31
fffe3800310037003000,187.11
fffe3700360037003700,7115.05
fffe3200360035003800,68858.78
fffe3500370031003000,232.97
fffe3400350034003700,1337.44
fffe3200300036003400,848.46
fffe3800350034003800,279.13
fffe3500340035003000,245.44
fffe3500340030003700,167.7
fffe3300340032003000,2840.8
fffe3800370036003900,191.15
fffe390033003600,364.12
fffe3800330036003200,391.4
fffe3500350034003400,321.56
fffe3200350039003000,1487.53
fffe3100320033003700,375.04
fffe3900320039003000,676.25
fffe3200380033003800,269.09
fffe3800390034003000,241.49
fffe3600370039003900,836.77
fffe3100370035003200,256.38
fffe3400370030003900,373.67
fffe3500380033003100,130.5
fffe3700340037003000,413.28
fffe3700320033003900,140.34
fffe3800320035003800,2615.65
fffe3500370038003400,290.29
fffe3500380030003400,1646.67
fffe3800330037003500,4855.15
fffe3500320037003400,11823.24
fffe3400310033003500,234.4
fffe3500360039003200,253.2
fffe3800350030003800,152.04
fffe320039003900,222.35
fffe3800350031003400,10546.55
fffe3400370030003400,3936.93
fffe3800350035003400,738.38
fffe3700360035003600,296.4
fffe3500360035003300,488.19
fffe3200390033003700,271.2
fffe3500340037003600,151.54
fffe360036003400,815.79
fffe3300300038003200,331.49
fffe3900330037003200,2949.65
fffe3800330036003700,782.21
fffe3600310037003800,526.39
fffe3500330031003200,2433.14
fffe3400390035003500,1421.16
fffe3300330031003400,219704.2
fffe3300300034003900,528.76
fffe3400390036003600,324.1
fffe3800370037003900,209.59
fffe3100320038003900,583.97
fffe3500370039003500,976.66
fffe3100360032003100,345.85
fffe3500360031003600,194.88
fffe3100310031003400,789.7
fffe3600330039003300,883.42
fffe3600320033003800,450.98
fffe3100370034003300,197.59
fffe3900330032003200,553.24
fffe3800300039003200,3096.88
fffe3200350030003300,324.63
fffe3100300035003500,337.91
fffe3400340031003600,122.85
fffe3400390032003800,232.68
fffe3900330035003400,852.54
fffe3700380034003200,475466.62
fffe3500310038003400,1810.55
fffe3700330037003900,141.41
fffe39003000,641.93
fffe3100300035003800,147.68
fffe3900360039003000,908.26
fffe3100340033003700,601.06
fffe3800310031003000,4139.44
fffe3600360030003100,143.11
fffe3600320030003600,726.55
fffe3600320039003800,3281.95
fffe3900360037003600,131.42
fffe3200340032003300,436.64
fffe3800300038003200,4787.84
fffe3300380036003300,1537.45
fffe310039003000,273.99
fffe380030003000,133.85
fffe3700300035003900,371.65
fffe3400310030003800,443.37
fffe3700390032003200,218.72
fffe3900340032003600,184.37
fffe3300310031003500,19208.06
fffe3200320030003500,971.26
fffe3700360031003000,896.37
fffe310036003800,359.68
fffe3700310033003900,1333.81
fffe3200300035003100,704.76
fffe3900390038003800,1517.89
fffe3200330030003200,302.96
fffe3700370031003800,777.3
fffe3200350035003600,15841.73
fffe3500330031003000,246.99
fffe3400340038003400,3545.39
fffe3100300033003100,617.22
fffe3700360034003800,968.24
fffe3600310034003300,259.94
fffe3100360035003700,320.17
fffe3600300034003800,321.02
fffe3200340038003200,10606.38
fffe3400370033003300,136.85
fffe3700300034003100,281.02
fffe3200340034003100,1707.96
fffe3800320033003700,116.95
fffe3500380037003200,517.96
fffe3700330038003100,7146.67
fffe3700330030003500,200.69
fffe3200380033003300,1151.58
fffe3200370038003900,4329.26
fffe380035003500,1239.31
fffe3400330039003600,744.05
fffe3700370034003000,524.54
fffe350037003100,6439.1
fffe3900380037003200,352.99
fffe3200310039003200,1950.8
fffe3300300032003300,1378.96
fffe3700300032003800,175.35
fffe3600340036003000,287.54
fffe3900300036003700,51761.88
fffe3500360032003200,832.63
fffe3900330037003600,194.93
fffe32003700,3829.19
fffe3200380033003100,185.69
fffe3400300036003100,10802.1
fffe3300300035003200,297.34
fffe3900320030003600,140.55
fffe31003400,1242.14
fffe3800320033003400,557.16
fffe3100330039003100,178.58
fffe3800350035003300,545.54
fffe3300390032003700,877.76
fffe3700370034003900,195.33
fffe3800340036003000,810.91
fffe3500330035003100,212.25
fffe3900320039003200,153.28
fffe3400350033003500,198.54
fffe3900350032003000,213.3
fffe3800390037003600,879420.45
fffe35003300,437.44
fffe3300370032003300,135.65
fffe3100390032003000,642.61
fffe3200390038003800,192.77
fffe3800370034003300,147.81
fffe3300380038003000,1769.3
fffe3300350037003800,18518.23
fffe3400380038003000,212.57
fffe3800360038003100,454.0
fffe3500360033003000,328.54
fffe3800310031003300,836.55
fffe3600300033003700,488.29
fffe3600370036003200,1064.23
fffe3400390033003800,601.28
fffe3900350039003100,270.25
fffe3600360031003600,8605.75
fffe320034003900,534.99
fffe36003400,178.11
fffe3400330039003500,12703.71
fffe3600390031003700,388.88
fffe3100350033003700,711.91
fffe3300340039003800,443.98
fffe3600300035003500,2355.34
fffe3800390039003500,239.51
fffe3900350038003900,187.7
fffe3600320038003900,207.97
fffe3500340036003400,1385.67
fffe3700390035003300,225.58
fffe3500330031003400,222.81
fffe3800370035003400,342.29
fffe3100310033003100,382.02
fffe3300360030003800,463.86
fffe3800340034003200,320.43
fffe3800320037003000,135.8
fffe3100370030003400,338.06
fffe3600380034003100,339.35
fffe3200330030003000,9358.16
fffe3500340033003300,3996.47
fffe3300310033003700,245.33
fffe3700370039003200,339.38
fffe3300370033003800,616.59
fffe3300360039003800,510.1
fffe3500370039003300,170.62
fffe3100310035003500,1607.06
fffe360034003800,297.88
fffe33003500,245.75
fffe3300320039003500,307.12
fffe3800380037003500,833.86
fffe3600370033003400,824.72
fffe3700390030003500,311.89
fffe3100350032003100,387.7
fffe3800390036003700,371.02
fffe3300350039003300,229.8
fffe3200350034003000,76708.57
fffe3300350033003600,637.19
fffe3700380035003000,709.6
fffe3300330030003600,639.61
fffe3600370035003700,756.34
fffe310030003300,16796.36
fffe3200310031003600,388.52
fffe3700300038003000,1963.12
fffe3300340036003500,171.89
fffe3300350032003600,759.16
fffe3800360035003900,666.28
fffe3300330030003400,2808.75
fffe380037003900,1782.09
fffe3500310033003600,331.11
fffe3100330036003700,1466.72
fffe3300350039003500,207704.39
fffe3900390030003500,10226.59
fffe3200350030003900,303.53
fffe320035003200,1116.29
fffe3100340037003100,1015.51
fffe3800340035003300,306.71
fffe3400330039003400,409.57
fffe3400320039003400,434.63
fffe3700330036003500,509.26
fffe360034003600,492.42
fffe3300300031003300,337.62
fffe3700300038003400,2668.19
fffe3300340033003300,665.57
fffe3700340039003600,287.34
fffe310034003400,4295.36
fffe3300340031003500,485.84
fffe3900310036003500,409.1
fffe3500300036003200,224.93
fffe3500350038003900,1323.64
fffe3300370037003800,238.89
fffe3300320030003000,171.47
fffe3600320032003000,185.89
fffe3200390036003100,1055.92
fffe3300340037003700,489.53
fffe3800330032003700,808.06
fffe3900350035003800,30486.73
fffe3200330033003300,593.07
fffe3300380038003400,138.14
fffe3800340037003700,147.6
fffe380033003700,210.21
fffe370032003700,25488.15
fffe3700390037003500,254.34
fffe3400330039003200,257.88
fffe3300310034003100,481.3
fffe3300360032003100,800.17
fffe3500330034003100,21496.73
fffe3800300038003900,66774.1
fffe3400320030003900,723.77
fffe3900380031003700,5850.06
fffe3200380036003200,487.91
fffe380030003400,403.9
fffe3500350037003900,915.29
fffe3100390031003700,131.15
fffe310039003400,2976.91
fffe3700350030003100,921.44
fffe3200390035003000,92406.89
fffe3900380034003300,464.4
fffe3200300032003600,328.21
fffe3400360034003400,888.64
fffe3200330039003100,1121.91
fffe3600310036003300,6116.17
fffe3800360037003900,551.94
fffe3600390034003500,161.01
fffe3900370030003600,6011.46
fffe3500390030003100,483.81
fffe3800350036003300,276.77
fffe3400320036003200,4937.06
fffe3800320038003300,259.37
fffe3500390037003400,132172.64
fffe3400340030003100,569.6
fffe3900310038003800,226.33
fffe3800390039003400,4578.49
fffe3300350035003600,1415.37
fffe3500390034003600,12414.81
fffe3700380039003500,189.2
fffe3200320034003000,252.29
fffe3200300037003800,256.99
fffe3100380034003000,35487.81
fffe3400370033003600,1587.16
fffe3700390031003600,936.72
fffe3600380034003000,4851.4
fffe3300360032003300,341.46
fffe3400370032003100,2526.75
fffe3300320035003300,1373.52
fffe3100340032003600,2630.57
fffe3600340033003500,1087.25
fffe3500340036003000,159.36
fffe3900340034003900,1222.01
fffe3400370032003300,289.61
fffe3500360032003300,181.38
fffe3600390033003700,510.31
fffe3500360036003400,2111.43
fffe3400330038003600,1405.59
fffe3700390035003700,248.22
fffe3700340034003700,1630.39
fffe3300320032003200,402.7
fffe3600390036003900,4875.47
fffe3600350037003700,158.04
fffe3300350032003100,3691.63
fffe3400310039003600,727.31
fffe3100370033003300,2143.6
fffe3700360032003100,261512.74
fffe340038003300,849.52
fffe3800390035003200,347.1
fffe3600330033003100,23276.45
fffe3800340030003800,418.7
fffe3500330031003600,163.54
fffe3100300032003300,581.83
fffe3400350035003200,90081.01
fffe3300300033003900,501.81
fffe3300370039003000,866.46
fffe340036003000,14242.78
fffe3200310032003600,201.09
fffe3200390031003400,118.9
fffe3200320035003900,146.62
fffe3600370039003000,331.56
fffe3900350032003400,175.19
fffe3900360031003900,1394.11
fffe3200300033003100,2527.89
fffe3400340032003100,249.82
fffe3300300032003900,981.64
fffe3200360039003600,202.78
fffe350034003200,221.83
fffe3500360034003400,231.83
fffe3100300030003600,315.26
fffe3100320037003900,1138.51
fffe3300320039003000,126.44
fffe370034003200,763.14
fffe3500300037003600,2323622.65
fffe3900310030003100,168.76
fffe380030003800,218.53
fffe3100340035003700,477.47
fffe3500330034003500,268.76
fffe3300370035003300,413.99
fffe3400370033003900,187.61
fffe3800300030003400,44988.2
fffe3800320036003200,426.53
fffe3100380039003000,33355.42
fffe3300390034003500,210753.47
fffe3900330035003600,32129.44
fffe3200380038003600,270.5
fffe3300390039003300,2224.07
fffe3400320033003200,184.46
fffe3500380033003900,20622.42
fffe3700330032003800,352.35
fffe3400390037003300,307.71
fffe3500340037003400,366.84
fffe3500380037003600,285.66
fffe3100380031003900,132.48
fffe3500370038003700,1000.44
fffe3500370031003600,362.02
fffe3400310036003100,456.12
fffe3600320030003900,681.87
fffe3600300038003400,173.57
fffe3400350031003800,778.83
fffe3200350031003200,89735.42
fffe3200340035003900,38450.22
fffe3100350037003200,226.42
fffe3400340033003700,161.44
fffe3300340039003400,11701.38
fffe3700350038003200,456.45
fffe3200340033003300,199.78
fffe3500370037003100,178.52
fffe3600370030003200,286.74
fffe3300300032003800,344.12
fffe3200380035003500,1601.54
fffe3400370031003700,330.09
fffe3500330031003300,5623.41
fffe3700370033003100,226.66
fffe3800380032003100,211.0
fffe3600320036003600,339.83
fffe3800340036003200,297.82
fffe350031003200,49340.31
fffe3400380035003900,177.75
fffe3900380031003900,1927.99
fffe3800350035003600,279839.16
fffe320037003900,608.99
fffe3800360032003400,1068.54
fffe3500340032003200,160.0
fffe3100390037003800,182.03
fffe3900320036003200,146.81
fffe3700360033003000,1138.83
fffe3100360032003400,517.11
fffe3600390038003900,309.35
fffe3400320036003600,539.14
fffe3900360039003600,546.98
fffe3900380033003300,8301.26
fffe3400390032003400,205.25
fffe390035003700,9444.65
fffe370031003900,3129.49
fffe3800390035003600,496.47
fffe3800330039003200,4305.88
fffe390034003400,517.86
fffe3800380032003300,956.07
fffe3500330033003200,1102.97
fffe3700320037003700,819.88
fffe3800350039003800,1075.72
fffe3700360036003600,2718.38
fffe3600360032003500,1848.87
fffe3600300031003600,320.24
fffe3600300032003000,923.03
fffe3400340030003600,204.28
fffe3900300036003800,231.5
fffe3400350035003600,365.83
fffe3300310038003400,230.77
fffe340036003100,1052.31
fffe3100350036003200,729.72
fffe3600320036003100,1315.16
fffe3100340035003600,25718.48
fffe380034003200,1283.45
fffe3100390033003300,148.65
fffe3900360037003900,655.66
fffe3400350032003300,179.19
fffe3900390033003100,207.55
fffe3400320035003300,303.66
fffe3100380039003400,17969.82
fffe3200350031003500,229.24
fffe3900360033003700,200.04
fffe3300350037003000,253.16
fffe3700380035003900,607.31
fffe3400380039003400,16846.62
fffe3100330034003800,274.83
fffe3700380032003300,198.26
fffe3100390034003100,715.14
fffe3500360033003700,175.65
fffe3800300038003800,226.17
fffe3900330036003200,304.69
fffe3900300030003000,1654.14
fffe3300340030003900,209.91
fffe3100340032003500,60928.24
fffe3100330035003700,343.97
fffe3200370030003900,220.4
fffe3900310034003900,1062.23
fffe3400320035003700,213.54
fffe3800380032003900,345.19
fffe3500370034003300,298.11
fffe350034003700,862.21
fffe3900320030003900,1323.66
fffe3700390030003000,240.73
fffe3200350039003700,1193.18
fffe3100360037003300,4133.59
fffe3100350032003800,511.25
fffe3300380030003700,203.71
fffe3200330033003500,3027.36
fffe3400300033003300,398.65
fffe3100360033003600,172.49
fffe3400370037003700,1505.51
fffe3400340033003100,29129.25
fffe3200340035003700,668.8
fffe3500380030003800,660.68
fffe3500360033003600,535.49
fffe3500380032003900,150.38
fffe3300310035003500,351.66
fffe340036003700,650.72
fffe3800300039003500,1002.2
fffe3200310035003100,139.88
fffe380039003100,1112.03
fffe3800320031003400,896.86
fffe3800320039003100,334.51
fffe3800300038003600,474.78
fffe3400320034003500,185.02
fffe340037003300,547.94
fffe3700340037003500,266.0
fffe3500340032003900,515.21
fffe3600360035003600,13813.48
fffe3900350030003900,218.37
fffe3700370037003000,663.69
fffe3800360036003800,2953.01
fffe3500390033003400,237.42
fffe3900350039003700,1189.3
fffe3500390034003800,1504.07
fffe3900370035003700,194.33
fffe3100310032003700,338.4
fffe3200360033003600,594.62
fffe3200390037003500,351.74
fffe3300350039003400,1198.32
fffe3700390032003900,370.86
fffe3800380033003900,2018.62
fffe3300360037003100,357.55
fffe3100340039003100,2514.63
fffe3200340034003700,1672.06
fffe3400390033003500,2735.74
fffe3100370030003100,596.52
fffe3900390036003200,459.49
fffe3700380038003300,11032.83
fffe3300380038003500,257.24
fffe3700320033003800,20551.45
fffe3900360037003100,273.21
fffe3400340039003200,1489.03
fffe3500320036003400,1778.3
fffe3400340031003000,954.02
fffe3600340038003400,1024.71
fffe3100380037003900,897.66
fffe3100300032003900,823.95
fffe3100350030003400,547.82
fffe3700330036003700,1049.59
fffe3300370035003700,268.84
fffe3300360037003900,361.74
fffe3600310038003200,341.82
fffe3100370035003300,231.25
fffe3500390036003300,581.85
fffe390032003400,391.47
fffe3400330031003300,118277.9
fffe3100300035003900,837.93
fffe3500390030003500,277.52
fffe3500330030003400,300.41
fffe3800340035003500,477.71
fffe3900340037003200,615.63
fffe3200340033003700,650.49
fffe330032003800,1722.95
fffe3900350031003300,181.77
fffe3600380036003200,439.69
fffe3100340031003500,554.91
fffe3200380033003600,318.55
fffe3400390030003200,432.54
fffe3100340030003800,505.61
fffe3500320032003500,258.56
fffe3100330036003300,159.18
fffe3300340033003100,371.76
fffe3500380036003700,263.28
fffe3500390036003000,1387.9
fffe390034003700,16607.85
fffe3200360031003900,376.41
fffe3800310032003200,2407.32
fffe3200310038003900,447.35
fffe3400340032003500,8852.86
fffe3600360038003900,156.23
fffe3100360039003600,633.79
fffe35003400,219.32
fffe3700310030003800,3145.27
fffe3200340031003200,509.55
fffe3100350031003800,6264.41
fffe3300390034003900,2332.89
fffe3900310033003100,771.98
fffe3800390036003800,244.75
fffe3200370036003400,1949.26
fffe320034003400,400.81
fffe3100390034003200,134.88
fffe3400300038003500,145.55
fffe340033003600,1374.63
fffe3100320032003500,211.54
fffe3200320038003100,1984.98
fffe3300370037003100,1008.02
fffe3900390034003800,257.59
fffe3200310038003100,257.09
fffe3900320032003100,452.26
fffe3800380030003900,8200.67
fffe3600330039003600,262.56
fffe3100320034003000,476.5
fffe3500300030003700,304.7
fffe3800310037003400,473.53
fffe3100320036003800,1410.58
fffe3600320038003800,189.84
fffe360038003100,267.89
fffe3600310033003200,195.59
fffe3300360032003400,170.21
fffe3800360031003900,417.66
fffe3500340037003300,2052.31
fffe3600370038003600,178.95
fffe3500330037003700,2338.04
fffe3900350033003100,197.3
fffe3200300035003400,634.54
fffe3900340035003900,1197.69
fffe3700370036003800,12552.59
fffe3400320033003700,10769.75
fffe3900390036003000,232.29
fffe3900390033003900,549.52
fffe3500300038003200,6591.1
fffe3100330035003300,1101.23
fffe3200350035003400,925681.86
fffe3400390033003300,507.64
fffe370030003700,1780.66
fffe3600370031003300,128.63
fffe3500300033003300,1016.67
fffe3400310032003500,1211.01
fffe3300360039003200,1229.59
fffe3200360034003600,512.61
fffe3600360039003100,1836.75
fffe3800350036003900,139.35
fffe3500360036003100,304.39
fffe3200320036003200,24873.04
fffe3400340038003000,13670.31
fffe3100360039003400,152.6
fffe3300360033003000,294.63
fffe3800300031003000,2211.24
fffe3700330033003500,661.5
fffe3400340037003900,244.63
fffe3700370031003200,273.28
fffe3700350032003400,852.22
fffe3100350038003000,501.69
fffe3200360030003600,2970.02
fffe3100380033003000,4188.19
fffe3300300030003600,180.04
fffe3800360034003900,186203.35
fffe3800360037003000,150.12
fffe3700310032003900,239.88
fffe3300310037003600,172.58
fffe3500300036003400,524.59
fffe3400330033003300,1159.73
fffe3500310031003900,349.11
fffe3100360033003700,1097.33
fffe3200380039003500,204.86
fffe3900310033003400,136.34
fffe3200350036003800,2739.64
fffe3400300034003300,349.58
fffe3800330034003600,551.32
fffe3100390035003800,1179.36
fffe3500370032003700,7352.24
fffe3500390038003300,1197.95
fffe3600360033003200,347.25
fffe3500320035003800,1728.36
fffe35003800,742.78
fffe3400330035003400,22799.13
fffe3700340033003500,9841.43
fffe3600320033003700,30527.73
fffe3900360039003800,184.67
fffe3700310033003700,1475.32
fffe3100370037003600,615279.01
fffe3800320035003900,1025.33
fffe3600350039003700,338.4
fffe3700360032003500,3575.16
fffe3200330039003000,1858.42
fffe3300300031003700,614.96
fffe370039003100,30460.66
fffe3900320032003300,88674.7
fffe3400390033003000,7085.07
fffe3300310039003200,381.22
fffe3400390030003500,356.22
fffe3100310030003600,12479.76
fffe3500350036003800,1021.34
fffe3400370038003000,602.57
fffe3400370038003400,698250.7
fffe3200320039003200,484.97
fffe380035003900,2141.35
fffe3600320037003700,3020.63
fffe3400330039003700,401.44
fffe3700320033003300,42680.05
fffe3800390031003500,131204.65
fffe3100320035003200,14926.57
fffe3100370038003500,1511.03
fffe3200310030003100,384.3
fffe3200300038003800,4194.32
fffe3600360030003400,293.82
fffe340035003900,260.3
fffe320031003000,224.03
fffe3200350035003700,363.4
fffe3500370038003000,311.57
fffe3500360039003000,850.86
fffe3600320032003900,62347.26
fffe3800350036003500,256.9
fffe3200300034003400,21428.55
fffe3700390033003100,202.32
fffe3200380036003700,2812.8
fffe3300340039003100,802.26
fffe3900380033003500,1446.74
fffe3500320039003200,241.39
fffe3700330033003000,162.35
fffe3200330038003000,1058.81
fffe3300300031003100,502.35
fffe350035003200,2773.09
fffe3200310039003600,15381.32
fffe3500310030003100,2886.18
fffe3100340037003500,626.25
fffe3200350036003100,192.2
fffe3500350034003200,737.09
fffe3400390035003700,289.59
fffe3200390036003700,2105.5
fffe3200330037003700,3159.08
fffe390032003900,337.92
fffe3200310034003700,147.1
fffe3600320032003400,186.74
fffe3400380031003800,2921.77
fffe3900330030003500,367.38
fffe3200390037003200,267.84
fffe3200370036003100,7667.89
fffe3500340031003500,9445.33
fffe3400350037003500,9437.83
fffe3600320037003300,2876.1
fffe3800370034003100,852.38
fffe3700390032003800,143.73
fffe3400380039003100,224.97
fffe3100350032003000,530.84
fffe3700300033003900,2755544.38
fffe3700310037003600,322.77
fffe3300380037003500,217.27
fffe3200300035003300,3941.63
fffe3800390033003900,839.56
fffe3800350034003100,1504.72
fffe3400370033003100,385.56
fffe370038003600,7018.39
fffe3600310032003700,2357.45
fffe3200370036003300,206725.6
fffe3600380034003900,268.35
fffe3200320037003700,379.93
fffe3100310032003100,1011.06
fffe3300390032003400,56866.67
fffe3100340031003700,592.38
fffe3500390038003400,311.88
fffe3900370031003700,331.14
fffe3500310030003300,47062.88
fffe3900320033003600,1237.92
fffe3300370031003000,7065.8
fffe3700350036003900,559.61
fffe3200310033003900,3492.08
fffe390039003300,283.6
fffe3900390031003500,201.93
fffe3500300036003100,769.78
fffe3300370039003500,206.27
fffe3700380031003100,126.81
fffe3800380036003700,215.77
fffe3200350034003400,956.97
fffe3700350034003900,401.66
fffe3100390034003700,224.33
fffe3300390031003400,1291.86
fffe3300380034003900,2551.84
fffe3400390038003500,170.57
fffe3300370039003700,677.38
fffe3100380035003800,367.18
fffe3700340031003400,16512.2
fffe3400370030003700,257.08
fffe3100390039003400,6412.21
fffe3100330031003000,266.76
fffe340033003500,302.71
fffe3800370031003200,118.33
fffe3200380032003300,3118.75
fffe3900350038003800,6944.08
fffe3700300033003400,270.71
fffe3600390032003600,39351.2
fffe3500310036003600,696.33
fffe390030003600,55950.2
fffe3700330035003800,689.14
fffe3400360035003600,187.1
fffe3800330035003500,504.5
fffe3100310036003800,190.08
fffe3400300035003300,2669.25
fffe3600390036003600,462.36
fffe3500370038003100,375.19
fffe3800390031003700,2054.37
fffe3500320030003000,648.9
fffe330034003200,441.37
fffe3800300031003900,1005.05
fffe3500320039003900,322.6
fffe3500300038003800,184.26
fffe3700330034003900,430.07
fffe3600370034003700,671.73
fffe3100300032003700,134.47
fffe3900360032003700,1072.5
fffe3600340038003800,2989.88
fffe3400310036003300,170904.05
fffe3500330033003100,175.06
fffe3100370031003100,510.67
fffe3500370034003900,606.61
fffe3500360034003700,241.61
fffe3200330031003100,649.59
fffe3600360039003200,872.8
fffe310035003600,14123.23
fffe3600390031003000,899.83
fffe3100350031003500,160.16
fffe3900320038003100,205.73
fffe3600350031003000,302.08
fffe340034003100,509.48
fffe3400390037003000,247.29
fffe3800310037003100,1952.04
fffe33003200,1084.06
fffe3200390036003000,233.46
fffe3900390034003400,638449.68
fffe3200350035003900,1120461.68
fffe3100330034003200,737.32
fffe3600310031003300,217.33
fffe3400310037003900,79266.22
fffe3400330037003100,5300.95
fffe3100370039003500,8019.14
fffe3300350032003300,3898.22
fffe3600350035003700,2207.91
fffe3400330033003500,2589.87
fffe3400310038003100,4308.7
fffe3700380035003400,286.97
fffe3400340038003600,1059.72
fffe3200350034003900,4774.9
fffe3100390035003900,171.19
fffe3600300031003400,450.22
fffe3400330031003600,917.89
fffe3400360030003300,219.11
fffe3500370036003600,197878.89
fffe3300390036003800,389.97
fffe3900370030003500,153.59
fffe3400380031003900,7940.53
fffe3600320039003600,174.55
fffe3500330030003100,891.02
fffe3600370034003100,210.42
fffe3100340038003600,398.64
fffe3500350037003600,58550.4
fffe3500330035003300,529.16
fffe3500370036003800,519120.96
fffe3700310033003600,181.78
fffe310034003600,509.96
fffe3100350038003200,216.7
fffe3100330035003900,19843.51
fffe3500350034003000,734.78
fffe3100370036003800,254.55
fffe3900330039003600,386.68
fffe3500390037003200,1174.59
fffe350033003600,210.66
fffe3300390032003300,203.89
fffe3800310032003900,179.68
fffe3700330033003800,279.58
fffe3900320032003500,353.51
fffe3400360033003000,609.13
fffe3100340030003700,2719.17
fffe3200340034003600,9098.26
fffe3900390038003300,269.19
fffe350036003000,332.7
fffe3500310037003300,193.25
fffe3900390030003700,188.8
fffe3300350035003500,3249.87
fffe3300380037003800,146.78
fffe3900330035003300,1359.66
fffe3100360030003700,1159.45
fffe3100340034003900,448.31
fffe3600330036003600,501.37
fffe330039003000,319.71
fffe3800380038003300,370.77
fffe3300340036003400,421.87
fffe3200300033003800,2022.3
fffe3400340032003600,184.02
fffe3300320034003000,745.13
fffe3100300039003700,367.87
fffe3200340030003700,267.34
fffe390030003300,704.66
fffe3800320031003900,3832.81
fffe3400300035003600,288.25
fffe3200360031003700,161.64
fffe3500300033003100,133.2
fffe3100380033003100,12064.19
fffe3400330030003000,310.75
fffe3700340032003000,515.27
fffe3200370034003100,628.79
fffe3600350032003300,32115.12
fffe3300380030003800,1524.93
fffe3300320039003400,405.29
fffe3200300031003100,1910.52
fffe3200310037003500,204.63
fffe3900370038003100,265.71
fffe3500350034003300,410.56
fffe330034003000,459.52
fffe3300370032003600,278.78
fffe3900330037003800,235.8
fffe3600310035003000,715.94
fffe310039003200,492.36
fffe3800380036003400,23758.55
fffe3600300034003300,139.55
fffe3400300039003300,617.55
fffe3500310033003900,822.2
fffe3600390038003700,1780.9
fffe3900340031003900,258.89
fffe340033003400,18674.86
fffe3500390038003700,198.51
fffe3400390039003700,807.93
fffe3100310039003300,502.51
fffe3800330034003900,281.0
fffe3700,2213.97
fffe3400320038003700,251.36
fffe31003200,1513.95
fffe3600370037003000,273.21
fffe3400330039003100,802.4
fffe3500360034003100,158.66
fffe3500330037003500,191.69
fffe3100360038003700,327.54
fffe3300340036003200,286.41
fffe3100310034003600,689.54
fffe3100380034003400,187.04
fffe3400380032003400,443.39
fffe3700370034003800,28232.17
fffe3700390037003800,535.58
fffe3800370030003200,278310.27
fffe3300340039003700,608.5
fffe3900390039003700,256.02
fffe3300390039003400,227.07
fffe3900300032003700,316.16
fffe3700380035003100,8317.54
fffe370037003000,814.05
fffe3600300036003000,870.78
fffe3600320035003800,978.54
fffe3600300036003500,250.1
fffe310033003000,3955.92
fffe3500340033003900,501.37
fffe3500340038003700,8243.55
fffe3300340034003400,229.09
fffe3800380031003900,156.63
fffe3400340036003100,4400.53
fffe3800380036003300,200.6
fffe3800310032003800,565.01
fffe3400300032003900,207.91
fffe3900320038003900,892.27
fffe3900350039003500,997.55
fffe3900320030003000,1244.2
fffe3300330034003500,1236.9
fffe3800310032003500,469.44
fffe370037003500,875.25
fffe320039003000,2140.44
fffe380036003900,472.47
fffe3400350032003700,189.13
fffe3300300031003800,555.12
fffe3600330035003900,252.9
fffe3300310031003200,267.87
fffe3600320036003500,173.3
fffe3500360039003500,1413.51
fffe3400370036003000,1505.82
fffe3300330038003400,1331.33
fffe3500300037003900,774.07
fffe3700350038003300,12380.55
fffe3600370032003000,4265.9
fffe3500380031003300,369.49
fffe3200380032003100,459.08
fffe350030003900,314.46
fffe3700380031003200,6946.72
fffe3200390039003900,303.73
fffe3900390036003800,678.33
fffe380035003200,379.28
fffe3800350030003000,301.63
fffe3800310034003600,803.53
fffe3100350032003600,454.31
fffe3900300037003600,762.41
fffe3200340033003600,1213.84
fffe3500390031003600,26097.37
fffe3800330034003800,363.52
fffe3300370035003000,323.59
fffe3500350034003600,744.86
fffe3100390032003200,268688.4
fffe3800370036003800,7603.88
fffe3900310036003100,229269.64
fffe3300390036003100,1520.36
fffe3300380032003500,1446.15
fffe3900330032003900,725.67
fffe3200330034003400,423.59
fffe3300390030003000,280.43
fffe3500340036003200,1673.1
fffe3600380035003700,198.0
fffe330030003400,10540056.39
fffe390039003400,196.72
fffe31003000,258.63
fffe3900320032003400,4088.02
fffe380037003000,166.94
fffe3500380038003100,164.75
fffe3800360038003200,6194.01
fffe3300350035003400,1209.41
fffe3500380034003000,3446.17
fffe3900320033003800,6360.59
fffe3400320030003100,226.38
fffe3700320033003200,427.26
fffe3200340033003000,246547.69
fffe3500350032003800,341.43
fffe3700320036003200,417.42
fffe3700380032003600,5712.25
fffe390032003300,330.08
fffe370031003600,169.01
fffe3300390031003100,186963.16
fffe3400390033003200,563.78
fffe3400370032003800,8585.3
fffe3400380030003500,196.05
fffe3100310030003500,964.31
fffe3200300030003500,223.92
fffe3300330032003700,1267.72
fffe3300320031003600,403.4
fffe3900370036003300,3972.59
fffe320030003400,345.67
fffe3200300032003500,268.66
fffe3600330031003700,5750.08
fffe3600360036003900,185.64
fffe3600300030003000,1998.86
fffe3200350038003200,914.64
fffe3400370039003900,592.63
fffe3900370037003100,249.27
fffe3800300030003500,1380.6
fffe3400300031003200,673.01
fffe3200370034003700,252.18
fffe3300380035003700,230.8
fffe3100340037003400,444.42
fffe360037003700,1280.53
fffe3800340034003300,9310.52
fffe3500320037003700,4553.31
fffe3900360031003000,267.8
fffe340031003800,8187.15
fffe3200350036003300,1635.85
fffe3700310034003100,12834.87
fffe3400320037003500,459.9
fffe390032003200,101783.46
fffe3300380034003400,181.23
fffe3100310034003800,481.22
fffe3100350031003900,340.85
fffe3700380030003400,249.35
fffe3800380033003000,1045.8
fffe3400370033003700,173.67
fffe3900390037003500,278.71
fffe370030003300,585.58
fffe3400320034003400,305.52
fffe3400320031003300,4622.97
fffe3100360033003400,4798.2
fffe3400300031003300,288.18
fffe3900380039003600,398.88
fffe380038003600,55506.32
fffe3700350033003800,519.22
fffe3400360035003900,89.65
fffe3300390039003700,578.94
fffe3700300036003100,217.64
fffe3100370032003400,195.86
fffe3900300036003300,26903.54
fffe3500340031003800,354.23
fffe3800390039003100,491.94
fffe330032003300,1546.63
fffe3600330030003000,219.22
fffe3700380039003900,548.32
fffe3300390034003100,462.94
fffe3700380036003400,645.1
fffe3300,1586.46
fffe3700360038003000,149.53
fffe3100360039003900,855.11
fffe3500310032003500,179.42
fffe3200300030003400,487.51
fffe3800310031003500,191.21
fffe3900300035003300,597.91
fffe3800340038003700,984.64
fffe3400360033003200,862.34
fffe3300360038003300,9228.41
fffe3800380034003200,345.01
fffe3300390033003400,407.28
fffe390033003400,170.58
fffe3500380034003100,486.28
fffe3700390030003800,511.96
fffe3800340031003100,1008.47
fffe3800340030003200,633.39
fffe3400340030003000,117.88
fffe3600320033003200,1469.85
fffe3400390031003600,968.92
fffe3700300039003000,212.54
fffe3400340031003300,3027371.45
fffe370038003500,1768.78
fffe3900320036003900,249.67
fffe3600330035003300,250.25
fffe3100370030003500,154.35
fffe3800320036003500,5926.39
fffe3800350031003300,22654.63
fffe34003000,495.83
fffe3300390034003300,509.61
fffe3100340034003400,1303.67
fffe3900350031003700,141.78
fffe3500320038003800,32458.12
fffe3800320038003200,258.34
fffe3600320039003200,189.81
fffe3800320032003600,495.2
fffe3800350038003000,31772.23
fffe3100340034003600,190.44
fffe3500320038003300,165.06
fffe3200360039003900,430.66
fffe360034003700,355.9
fffe3700380037003800,151.44
fffe3800390039003700,163.25
fffe3700380039003300,231.18
fffe3400320030003500,310.34
fffe360035003200,579.24
fffe3700380035003600,1168.34
fffe3900320037003300,140.48
fffe3700320038003800,119.09
fffe3400320031003800,884.28
fffe3400360039003900,139.89
fffe3700380035003200,805.92
fffe3900330034003800,275.04
fffe390038003100,157.35
fffe3100300039003200,229.45
fffe3200310039003100,1001.05
fffe3800330038003300,37260.39
fffe3500330035003200,304.33
fffe3200330031003300,938.36
fffe3400330030003400,557.51
fffe3900360035003800,142.88
fffe3100360038003400,286.98
fffe3900340037003700,721.98
fffe3400370032003000,1452.09
fffe3600310033003800,314.93
fffe3300310036003400,586.27
fffe3100390038003500,188.82
fffe310033003900,437.34
fffe320037003200,346.22
fffe360030003000,193.13
fffe3100350037003800,2722.75
fffe3800300030003800,164.79
fffe3100360036003200,386.34
fffe3700300030003300,233.85
fffe3600340033003300,136371.23
fffe3800330030003900,449.08
fffe3200330031003200,17242.75
fffe3400320032003800,65266.92
fffe3900330036003500,710.75
fffe3200340035003300,2141.58
fffe3800340034003900,672.29
fffe3400360038003400,5673.22
fffe3700390034003400,198.5
fffe3200390032003800,14395.25
fffe3300360034003200,2017.18
fffe3600300030003800,374.68
fffe3700370039003800,131.14
fffe3400310030003400,288.32
fffe3100350033003000,514.29
fffe3700390037003700,700.52
fffe3600390039003600,21065.9
fffe3700390034003100,622.5
fffe3600,3986.96
fffe3800330033003600,1627.3
fffe380035003000,1586.43
fffe3700380038003000,687.93
fffe3600300039003100,250.59
fffe3700330036003400,380.96
fffe3100330038003700,389.99
fffe3100350035003400,730.85
fffe3100320033003400,286.63
fffe3800300030003300,284.67
fffe3200350032003100,239.26
fffe3500330032003400,19011.43
fffe3800360030003600,178.21
fffe3700300036003500,448.12
fffe360036003200,325.37
fffe3800360039003900,388.25
fffe3100340031003200,305.46
fffe3600320039003700,1562.62
fffe3600350034003900,1347.78
fffe310037003600,8745.87
fffe3900390037003600,1472.9
fffe3300390038003700,236.6
fffe3700320032003900,265.54
fffe3500300033003500,6959.28
fffe3800330033003100,1086.1
fffe3500370039003000,116786.67
fffe3900310039003800,215.09
fffe3800380039003200,1840.02
fffe3300370038003000,125.88
fffe3900370030003700,1386.5
fffe3100320034003500,472.22
fffe3300380038003800,439.63
fffe3600310035003500,195.75
fffe3700320033003700,392.24
fffe390038003300,3277.42
fffe3900360031003300,146.18
fffe3300370030003600,360.84
fffe3300310038003300,133.02
fffe3600380036003800,752.36
fffe3800310038003100,497.72
fffe3600330036003400,4485.2
fffe3500310031003500,214.2
fffe3600380035003500,267.38
fffe3300380035003100,593.53
fffe3500380039003100,2980.67
fffe3900390032003300,1245.31
fffe3700370036003200,196.05
fffe3600330037003500,664.13
fffe3600370030003800,367.86
fffe3400310035003600,507.17
fffe3300390031003000,1703.28
fffe3500320031003100,1124.89
fffe3300360031003300,570.28
fffe3100390030003100,336.37
fffe3600370032003400,2623.44
fffe3100340032003200,300.17
fffe3400330038003200,1608.36
fffe3500320039003700,164296.93
fffe3800330034003400,1117.16
fffe3600320038003300,519.54
fffe320039003200,807.17
fffe3400360034003600,295.03
fffe3100330033003700,1149.33
fffe3400370039003000,671.73
fffe3300320035003200,168939.91
fffe3200360035003100,4047.94
fffe3500380034003400,3481.32
fffe3200320034003100,7552.43
fffe3500390036003100,143.04
fffe3500310030003800,253.61
fffe3600320034003300,6103.89
fffe3600330032003500,180.22
fffe3200310035003700,282.79
fffe3100360032003800,274.78
fffe3600330033003800,1074.23
fffe370038003700,2238.59
fffe3100360036003000,968.04
fffe3300350038003300,284.55
fffe3500330034003000,177.73
fffe3300310038003100,327.39
fffe3400340037003400,540.62
fffe3100320034003900,5429.27
fffe3700370038003100,2643566.69
fffe3500310039003600,167.73
fffe3800340038003000,14156.34
fffe3600380032003900,1338.46
fffe3300390038003600,4019031.46
fffe320038003900,299.73
fffe3200360039003300,256.55
fffe3600360034003800,618.03
fffe350034003500,393.6
fffe3100310038003000,135724.24
fffe3100370031003300,246.67
fffe3500360033003100,977618.65
fffe3300340030003600,581.12
fffe3800380034003600,95117.27
fffe3800360033003000,200.7
fffe3300340038003700,1785.97
fffe3100390033003900,2077.75
fffe3300390030003400,194.24
fffe3200360034003800,172.35
fffe3700340033003800,136498.71
fffe3500340033003700,213.24
fffe3400300032003500,3473.17
fffe3400320033003000,2460.96
fffe330032003700,365.52
fffe3200360031003600,9976.97
fffe3600390038003300,647.72
fffe3800390032003600,118.95
fffe3200340037003900,315.91
fffe3200380035003800,75082.25
fffe3900310032003800,295.02
fffe3200370037003000,1406.32
fffe3400320035003100,753.51
fffe3600350035003500,1095.53
fffe3100310032003500,17156.2
fffe3100320038003300,19931.44
fffe3600390037003400,1082.62
fffe3300350035003900,4299.85
fffe3700320034003400,351.55
fffe330038003900,167.06
fffe3200380039003200,5922.51
fffe3400320032003500,197.47
fffe3500310032003200,1570.0
fffe370035003800,422.7
fffe3600390030003300,1158.66
fffe3900370030003300,872.48
fffe320033003800,238.54
fffe3800380038003400,249.17
fffe3800390038003500,469.88
fffe3600380038003400,929.35
fffe3400360031003200,368.79
fffe3300390030003600,5845261.09
fffe330036003700,7911.13
fffe3900370039003600,872.03
fffe3800340039003800,41727.43
fffe370034003000,984.19
fffe3200370030003700,38104.35
fffe360035003400,32264.6
fffe370039003900,336.24
fffe3900380032003200,1349.64
fffe3900360033003900,258.05
fffe3400320039003900,508.72
fffe3100380038003700,913.17
fffe3300320030003700,51707.87
fffe3100350030003200,409.49
fffe38003500,165.4
fffe3700300039003900,188.38
fffe350031003800,316.66
fffe3100380039003600,16928.5
fffe3100380030003900,302.13
fffe3500370035003400,5227.68
fffe3600320039003900,532.89
fffe3900390037003700,208.57
fffe3100360034003100,1256.8
fffe3500320038003100,478.47
fffe3900300030003300,559.11
fffe3400340033003900,5852.6
fffe3400310038003000,310.34
fffe3100330034003400,724.73
fffe3200370031003200,203.64
fffe3700300030003600,13745.72
fffe3300350031003600,2834.67
fffe3400300033003100,228.59
fffe3500330038003700,268.64
fffe340034003000,146.83
fffe3100370034003900,1117.33
fffe3700340030003300,166.5
fffe3900300033003500,1029.97
fffe3400390032003900,381.64
fffe3300380034003600,9944.38
fffe3100370038003700,393.18
fffe3200320036003800,61236.14
fffe3400340031003200,213.65
fffe3100310034003500,14736.36
fffe370033003000,1018.08
fffe3600360038003200,144.42
fffe3700330038003300,253.61
fffe3500350034003800,312.73
fffe3500350035003000,4306.85
fffe3100330036003100,2784.45
fffe3200320030003900,460.06
fffe3400390036003300,646.14
fffe3900360039003300,387.32
fffe3200340032003100,1403.29
fffe3200330033003000,153.81
fffe3100330032003700,11484.63
fffe3300310032003400,145.7
fffe3600350037003200,180.01
fffe3500340039003900,2020.87
fffe3500340039003600,803.63
fffe3900330036003300,9003.54
fffe3600300035003900,301.04
fffe3500320030003100,3261.39
fffe3800330036003000,754.85
fffe3200310035003300,1397.91
fffe3100300039003600,947.94
fffe3900350035003300,1412.9
fffe3500380036003500,215.62
fffe3100370034003200,1138.55
fffe3900330033003100,220.59
fffe3800310030003800,217.6
fffe3100340033003400,740.73
fffe370037003200,10088.79
fffe3400390031003900,905.44
fffe3500380036003400,522.85
fffe360039003100,158.22
fffe3900370039003300,255.64
fffe3300350034003000,710.48
fffe3500310037003600,341.13
fffe3600320037003800,629.4
fffe3600360034003600,368.87
fffe3400370036003900,6983.56
fffe3500380032003300,757.96
fffe3200390036003500,222.41
fffe3900340035003100,263.35
fffe3500390035003500,273.23
fffe3700310031003700,141.9
fffe3900350035003100,720.41
fffe3500380033003200,1878.22
fffe3100370030003200,909.19
fffe3200300034003900,326.72
fffe3600340035003800,296.35
fffe3800360032003800,1445.51
fffe3900330031003400,223.33
fffe3600320030003200,173.48
fffe3700350035003500,362.77
fffe3800350032003800,340.97
fffe3600330033003600,227.33
fffe3100310032003900,451.53
fffe3600340031003400,653.79
fffe3600340034003100,5678.84
fffe3300350031003000,206.76
fffe360031003700,474.0
fffe3900370030003100,541.58
fffe3500370032003900,396.59
fffe3900390038003900,442.88
fffe3400300033003200,435.36
fffe3500350035003600,378.65
fffe3700340036003200,840.87
fffe3700300039003800,611.72
fffe3700350033003300,1225.49
fffe3700380031003600,3065.55
fffe3400380034003400,995.46
fffe3900350033003400,145.66
fffe3900360039003500,255.99
fffe3600360030003800,912.04
fffe3200350031003100,968.91
fffe3800350034003400,4558.0
fffe3100380032003200,2290.09
fffe3500350031003200,1642.87
fffe3800300035003900,100.47
fffe3900380031003500,2072.93
fffe3400320032003200,342.12
fffe3600330033003900,1373.64
fffe3600330037003200,293.97
fffe320038003300,476.97
fffe3200370031003100,219.57
fffe3300360036003000,412.78
fffe3300380035003900,11398.68
fffe3200340034003200,374.02
fffe3800310035003200,273.37
fffe3500390033003200,240.95
fffe3500390032003700,208.02
fffe3400350032003400,2904.7
fffe3500350035003500,682.51
fffe3400380032003800,763.1
fffe360033003000,3115.89
fffe3200320033003700,341.7
fffe3800370037003500,4500.13
fffe3400390035003300,755.15
fffe3600370033003900,1489.23
fffe3500300030003000,19379.5
fffe330033003100,943.59
fffe3500320035003300,354.92
fffe3400320030003400,985.66
fffe3100300030003900,348.43
fffe3900330035003800,571.19
fffe3600310030003000,299.2
fffe3400320033003500,75631.66
fffe3600350031003100,2282.35
fffe3300370034003300,7406.22
fffe3700300033003200,420.84
fffe3400330030003100,248.19
fffe3600370036003600,806.35
fffe3100360030003500,260.56
fffe3100340035003900,272.65
fffe3600390034003600,273.84
fffe3800350039003600,180.3
fffe3300310036003700,1446.3
fffe3700340031003700,6810.57
fffe3100,202.91
fffe3400380038003300,739.35
fffe3700310035003300,1294.24
fffe3200300037003400,7865.05
fffe3300350035003200,390.37
fffe3900300034003300,1932.38
fffe3300310036003500,14272.75
fffe3600390034003900,2536.01
fffe3200370038003100,728.46
fffe3600390038003000,836.31
fffe3300390033003000,221.53
fffe3100350034003000,768.79
fffe3300330039003600,280.82
fffe3900340038003300,130.89
fffe3100300031003800,7973.03
fffe3200320033003800,15587.06
fffe3700340038003800,119.22
fffe3400360032003900,11246.16
fffe3300350036003800,212.97
fffe3200380030003500,4328.78
fffe3900340036003100,2536.59
fffe3900320038003200,1456.4
fffe3200320035003700,9730.3
fffe3300330035003900,3846.45
fffe3300390037003300,246.15
fffe3800360034003600,21157.74
fffe3200350031003600,490.33
fffe3900350036003400,371802.89
fffe3600330033003000,362.69
fffe3800370034003200,345.19
fffe3900300037003500,271.17
fffe3400330032003700,196.01
fffe3200310034003200,732.72
fffe3300340037003800,566.78
fffe3700370030003800,518432.85
fffe3700310034003000,241.21
fffe3700310032003000,211.06
fffe3800340031003200,329.17
fffe3300340032003100,1074.98
fffe3900300034003900,282.87
fffe3700330033003600,791.71
fffe3100320034003600,951.87
fffe3900330034003100,518.95
fffe3800370030003400,4623.08
fffe3800300039003600,275.48
fffe3900340032003200,1403.05
fffe3600320038003600,238.81
fffe3600380034003400,785.9
fffe3300300033003800,1177.06
fffe380034003500,245.88
fffe3600380031003100,1879.86
fffe3600370036003500,1078.31
fffe3100320033003200,240.05
fffe3900310037003800,29680.9
fffe3600340030003600,828.74
fffe3600310033003900,124.8
fffe380034003600,203.06
fffe3700300036003800,127.34
fffe3100330034003900,304.67
fffe3100390036003800,56606.96
fffe3400300031003700,13243.79
fffe3300300030003700,303.43
fffe360039003400,202.97
fffe380030003500,957.41
fffe3400350036003900,474.27
fffe3200390037003700,309686.48
fffe3400390033003400,287.74
fffe3800320035003400,414.3
fffe3700380037003200,36600.82
fffe3800370031003700,3304.42
fffe3500350033003100,194.22
fffe3900300030003500,1525.96
fffe3800320038003800,1466.4
fffe3200350038003600,8880.31
fffe3900380036003800,130.77
fffe3700370031003600,10314.83
fffe3400360037003800,693.41
fffe320035003800,303.1
fffe3200320037003100,410.66
fffe3800300036003500,25782.76
fffe3300310032003700,408.16
fffe3100340033003300,151.23
fffe3100300039003800,217.89
fffe3200310031003200,3123.82
fffe3800330031003600,746.01
fffe3400380037003700,282.75
fffe3600380038003600,239.74
fffe3300300037003700,389.88
fffe3500320034003400,4023.94
fffe3200340039003800,2530.24
fffe3600360035003500,269.89
fffe310038003500,304.14
fffe3900310037003700,4212.78
fffe3400330036003100,3265.97
fffe3500300035003000,128.74
fffe3800370037003400,4458.04
fffe3500370034003500,874.65
fffe3100350030003900,5175.32
fffe3400390034003600,523.59
fffe3600370031003500,1423.06
fffe3200390039003400,752.41
fffe3900360035003400,4514.31
fffe3500370037003000,283.22
fffe3900360037003500,312.84
fffe3400300032003100,348.55
fffe3100380037003100,537.58
fffe3500300032003600,705.95
fffe3800370032003500,338.12
fffe3300370037003000,219.79
fffe3400380033003100,227.52
fffe3600390039003200,397.71
fffe3800380035003500,289.22
fffe3300310039003500,632.19
fffe3200330035003000,3642.28
fffe3800360034003700,717.17
fffe3400350038003700,148.05
fffe3400380030003800,8516.62
fffe3900330031003200,223.09
fffe3200370035003000,681.77
fffe3300390031003700,148.32
fffe3800300037003000,587.15
fffe3400340037003700,15676.77
fffe3600350034003600,91.59
fffe3200350030003700,138.64
fffe3200380033003400,1037.16
fffe3300390032003900,1717.95
fffe310038003800,818.17
fffe3800340031003000,48061.39
fffe3900340039003000,248.6
fffe3500320033003500,128.73
fffe3300370036003200,360.42
fffe3100330037003900,269.75
fffe3700310039003500,19936.83
fffe3500380030003500,199.36
fffe3700300037003400,1702.27
fffe3800380037003100,1897.92
fffe3100330033003400,11333.02
fffe3900380034003700,6872.76
fffe3200390033003300,1798062.0
fffe3300320036003200,301.38
fffe3200320039003900,14746.75
fffe3900390030003800,340.72
fffe3500340030003800,11832.17
fffe3600340034003300,256.09
fffe3500320037003200,379.51
fffe3600370033003100,1023.77
fffe3100390031003600,599.63
fffe340030003500,1975.59
fffe3600380035003400,129.17
fffe3500360031003700,31722.02
fffe3400380033003900,186.87
fffe3100330037003200,192.86
fffe3200340031003500,844.64
fffe3700360031003400,112.57
fffe3400350039003600,315.44
fffe3900360038003400,801.43
fffe3700370038003400,205512.34
fffe3500310035003200,204.88
fffe3300330030003900,696.5
fffe3200350038003700,635.38
fffe3800310037003900,524.09
fffe3800360031003000,2971.77
fffe3800340034003700,290.46
fffe3500340038003100,1582.81
fffe3900360033003300,49913.44
fffe3900390032003800,220.67
fffe3600340035003100,200.04
fffe3900380033003600,578.11
fffe3600310037003900,24771.66
fffe3300380036003600,2719.4
fffe390034003500,47198.51
fffe3600350034003100,1932.54
fffe3900380038003500,157.84
fffe3500330034003800,206.75
fffe3500340031003200,683.06
fffe3600330036003200,2793.68
fffe3900340038003400,663.52
fffe310039003100,218.11
fffe3800340037003000,62505.15
fffe3800320037003700,351.89
fffe3300390039003200,1648.58
fffe3300360038003200,10832.85
fffe3200340037003200,3753.39
fffe3300350032003900,213.2
fffe3200390039003200,372.0
fffe3700340035003100,466.85
fffe3500360038003100,3029.46
fffe3500370039003400,132.49
fffe3800390033003600,246.4
fffe3300320038003300,239.16
fffe3100370039003300,22402.73
fffe3400310032003400,172.77
fffe3200340037003800,267.74
fffe310031003900,1747.94
fffe3500330033003000,302.64
fffe3400390037003800,401.63
fffe360038003800,555.83
fffe3800340031003800,213.91
fffe3500330039003400,569.67
fffe3700320033003500,139.41
fffe390034003600,193.36
fffe3600300038003000,783.73
fffe3100350037003900,571.6
fffe3500370033003500,11132.52
fffe310038003100,895.01
fffe340031003600,9195.5
fffe3600370035003000,4746.48
fffe3800320034003000,155.17
fffe3200360036003400,9637803.16
fffe3900340035003700,7798.68
fffe3400320030003600,182.12
fffe310039003700,11050.38
fffe3600350037003400,215.37
fffe3300360032003600,610.15
fffe3800330032003000,37345.92
fffe3800300039003900,6112.02
fffe39003800,390.17
fffe3700310037003500,165.19
fffe3300340036003100,506.16
fffe3800390030003400,958.45
fffe370036003200,231.08
fffe3600380033003400,186.63
fffe3100330030003300,69111.72
fffe3200340037003100,278.17
fffe3600360039003500,295.33
fffe3800310031003900,200.19
fffe3300390038003900,54966.06
fffe3200350030003600,6707.72
fffe330039003500,204.89
fffe390038003900,131.47
fffe3800300037003300,694.62
fffe3700390032003700,1935.24
fffe3600320036003900,2539.44
fffe3900340030003600,224.99
fffe3700360035003800,233.66
fffe330034003700,1904.4
fffe3600320035003600,272.83
fffe3300350038003200,142.2
fffe3600380033003700,231.12
fffe3200330035003500,5963.81
fffe3900340030003700,1091.62
fffe3400310038003300,233.32
fffe3600340035003200,222.71
fffe3100330032003100,481.07
fffe3700340038003200,3657.96
fffe3200350035003100,263.44
fffe3500310033003000,401.68
fffe3200370035003400,32522.87
fffe3400370030003500,3321.88
fffe3900370032003300,150.19
fffe3300390030003700,4157.21
fffe3200310037003100,791840.58
fffe3200320033003100,2904.24
fffe3600390035003800,48198.36
fffe3600300033003000,5991.87
fffe3700370037003800,274.07
fffe3800380031003600,185.11
fffe3700390035003600,582.88
fffe390036003100,394.7
fffe3600380037003600,659.06
fffe3400310036003400,641.2
fffe3500380034003300,13402.41
fffe3200360033003800,6160.93
fffe3400320036003700,793.39
fffe3700370031003400,1474.68
fffe3300350036003500,1051.84
fffe3800390039003200,308.49
fffe360032003100,282.99
fffe3100320038003600,317.6
fffe3900330031003600,647.22
fffe3900330034003200,270.75
fffe3500350039003700,153.43
fffe3300370037003200,189.78
fffe37003400,1637.21
fffe3700330034003300,423.98
fffe3700320037003800,936.09
fffe3700360034003600,843.41
fffe3800370035003000,332.76
fffe3100300031003500,145.85
fffe310031003000,662.95
fffe3600390035003000,272.13
fffe3400390030003400,264.28
fffe3300350031003400,2890.77
fffe3200370030003500,291.21
fffe3200360036003100,264.01
fffe3900310033003500,340.75
fffe3700390038003600,379.04
fffe3500390039003400,266.19
fffe3100350038003400,621.34
fffe3600370036003300,292.69
fffe3600320031003500,143.69
fffe3400310036003700,380.91
fffe3800300036003700,324.32
fffe3700300038003500,1949.94
fffe3400320032003600,241.05
fffe3200320032003000,685.55
fffe3700390034003300,1225.12
fffe3100370032003700,330.08
fffe3700390032003300,263.95
fffe360032003700,214.95
fffe3100350031003600,270.77
fffe3200310037003900,176.71
fffe3800340039003700,225.35
fffe3900330036003900,1046.05
fffe3100310030003300,187.29
fffe3400370032003500,497.09
fffe3100370034003800,2049.38
fffe3500370034003800,160.74
fffe360032003900,710.78
fffe3600350030003600,293.58
fffe3200320035003200,227.15
fffe3800380035003900,198.34
fffe3600340039003600,3627.29
fffe3100330030003500,167.62
fffe350039003800,811.31
fffe3100340036003800,1081.53
fffe3100310036003100,463.8
fffe37003600,537.5
fffe3400360030003700,239.68
fffe3100350039003100,5623.05
fffe3100360037003800,873.55
fffe340035003400,1094.6
fffe3700370038003500,209.35
fffe3400370038003900,144.08
fffe3400300036003500,137.94
fffe390030003700,820.36
fffe3500310030003900,1077.41
fffe3600360038003400,1237.06
fffe3600360037003900,221.05
fffe3900340037003000,149.72
fffe3200370039003200,301.4
fffe3100370031003500,1396.44
fffe3300370038003500,792.76
fffe3500310035003400,171.47
fffe3600300034003200,408.01
fffe3400390032003100,744.6
fffe310035003100,351.95
fffe3800310034003400,106.31
fffe3500350036003500,73739.56
fffe3600310039003800,450.69
fffe3800340038003600,1097.9
fffe3500350037003700,596.36
fffe3600310032003500,254.48
fffe310033003200,201.08
fffe3600310038003100,157.29
fffe3700360036003100,168.92
fffe3300340033003400,183.0
fffe3100380034003200,260.18
fffe3700340035003300,3914.19
fffe3200390038003300,296.36
fffe3900360035003700,236.55
fffe3900360037003200,129.68
fffe3100340037003600,3175.48
fffe3600370033003800,3456.66
fffe330031003200,403.6
fffe3800360039003000,2232.23
fffe3200300037003100,924.16
fffe390031003100,5956.56
fffe3200350031003700,525.61
fffe3100380031003000,710.11
fffe3200340037003300,2827359.55
